pixel_ID,lat,lon,population,cf,dir_ratio,cf_category
9730,37.20703721,-121.8631835,1081,2.098696304,1.293082213,2
9731,37.20692854,-121.8519162,1868,1.910830113,1.215060322,2
9732,37.20681878,-121.8406489,1549,3.070609085,1.464228135,4
9873,37.21615719,-121.874317,1126,2.095482602,1.064865787,2
9874,37.21604954,-121.8630483,1649,2.022862869,1.056251977,2
9875,37.21594083,-121.8517796,2096,2.280078703,1.17108866,2
9876,37.21583104,-121.840511,1587,3.854280435,1.011326734,4
10007,37.22618734,-121.9868872,2785,1.908847613,1.155417713,1
10008,37.22609038,-121.9756166,2280,2.708397616,1.206394529,3
10009,37.22599236,-121.964346,1022,2.139698127,1.056141399,2
10014,37.22548613,-121.9079937,1256,3.068686378,1.095171386,4
10015,37.22538167,-121.8967235,1108,2.043010962,1.242329761,2
10016,37.22527614,-121.8854533,2066,2.090831846,1.212795609,2
10017,37.22516953,-121.8741831,2227,2.070974795,1.332056661,2
10018,37.22506186,-121.862913,2213,2.846562964,1.101799795,3
10019,37.22495311,-121.851643,1364,2.108105547,1.006623263,2
10025,37.22427809,-121.784024,1492,1.855006429,1.079588804,1
10026,37.22416184,-121.7727544,1839,2.454204741,1.322143816,3
10151,37.23520001,-121.9867666,2055,2.829418796,1.249571693,3
10152,37.23510302,-121.9754946,2374,2.275867645,1.120963542,2
10153,37.23500496,-121.9642227,2233,2.415884912,1.176807017,3
10154,37.23490583,-121.9529508,1060,2.049746023,1.152469493,2
10157,37.23460199,-121.9191354,1267,1.501387432,1.045160463,1
10158,37.23449857,-121.9078637,2113,1.794860177,1.107663556,1
10159,37.23439408,-121.8965921,2059,3.913837067,1.312011231,4
10160,37.23428851,-121.8853206,1746,2.209432839,1.183493421,2
10161,37.23418187,-121.8740491,1784,2.565911242,1.39850215,3
10164,37.23385551,-121.840235,1817,1.743021847,1.177114036,1
10165,37.23374458,-121.8289637,2144,2.187759908,1.25618249,2
10166,37.23363258,-121.8176925,2160,2.000476611,1.242441021,2
10167,37.23351951,-121.8064214,3425,1.890710833,1.270701819,1
10168,37.23340536,-121.7951503,2499,1.93279813,1.172886722,2
10169,37.23329014,-121.7838793,2575,2.256953484,1.455532716,2
10170,37.23317385,-121.7726084,2575,3.081556464,1.503571874,4
10171,37.23305648,-121.7613375,1213,5.692652743,1.461243891,4
10295,37.24421266,-121.986646,1110,3.044607146,1.003176788,4
10296,37.24411564,-121.9753726,1740,2.349935778,1.068559432,3
10297,37.24401755,-121.9640993,2347,4.554888055,1.171076191,4
10298,37.24391838,-121.9528261,2217,1.799475834,1.188766169,1
10299,37.24381814,-121.9415529,1829,2.35507342,1.005185763,3
10300,37.24371683,-121.9302798,2040,1.657149962,1.032524805,1
10301,37.24361445,-121.9190067,2489,1.818916107,1.050291118,1
10302,37.243511,-121.9077337,2964,2.014428851,1.249594358,2
10303,37.24340647,-121.8964607,2191,1.734298808,1.079572088,1
10304,37.24330086,-121.8851878,2114,2.152421903,1.203675572,2
10305,37.24319419,-121.873915,1792,2.725298774,1.648874771,3
10306,37.24308644,-121.8626422,2172,2.207206351,1.369728988,2
10307,37.24297762,-121.8513695,2614,1.761988907,1.167511324,1
10308,37.24286773,-121.8400969,2887,1.90476677,1.081859061,1
10309,37.24275676,-121.8288243,3023,2.298219253,1.072828249,2
10310,37.24264472,-121.8175517,3063,3.670904335,1.064416895,4
10311,37.24253161,-121.8062793,4062,3.196571411,1.266883011,4
10312,37.24241743,-121.7950068,1856,4.299180653,1.288597131,4
10313,37.24230217,-121.7837345,1948,7.920779935,1.443799064,4
10441,37.25303012,-121.9639759,1605,2.002966997,1.217716828,2
10442,37.25293092,-121.9527014,2417,3.523993426,1.837193788,4
10443,37.25283065,-121.9414268,2596,3.715935064,1.08130277,4
10444,37.25272931,-121.9301524,2339,3.367334011,1.694935617,4
10445,37.25262689,-121.918878,2235,2.289183601,1.089705972,2
10446,37.2525234,-121.9076036,2818,2.754957749,1.273211323,3
10447,37.25241884,-121.8963293,2490,4.31171935,1.164066562,4
10448,37.25231321,-121.8850551,3303,4.247887176,1.272497434,4
10449,37.2522065,-121.8737809,2903,2.713111185,1.756076492,3
10450,37.25209871,-121.8625068,3601,3.435778404,1.834748221,4
10451,37.25198986,-121.8512327,2843,2.559862231,1.446551507,3
10452,37.25187993,-121.8399587,3107,2.950452933,1.466049949,3
10453,37.25176893,-121.8286848,3474,2.214746167,1.291479349,2
10454,37.25165685,-121.8174109,3927,1.901714271,1.270657943,1
10455,37.2515437,-121.8061371,1840,2.164273885,1.437561183,2
10456,37.25142948,-121.7948633,1026,3.80895159,1.518161404,4
10457,37.25131419,-121.7835896,1425,6.04537447,1.272610036,4
10578,37.26270722,-122.0427855,1241,4.245768148,1.004741986,4
10579,37.2626155,-122.0315092,1829,2.300110819,1.107734088,2
10580,37.26252272,-122.0202329,1029,4.143181164,1.096421727,4
10581,37.26242886,-122.0089567,1163,2.921585541,1.078684763,3
10583,37.26223792,-121.9864045,1224,2.694336789,1.166969244,3
10584,37.26214083,-121.9751285,1569,2.816307127,1.168133087,3
10585,37.26204268,-121.9638525,1827,2.217151012,1.072415128,2
10586,37.26194345,-121.9525766,1992,4.506833314,1.216671791,4
10587,37.26184315,-121.9413007,2650,1.883319313,1.134391235,1
10588,37.26174177,-121.9300249,2161,2.036386975,1.357674441,2
10589,37.26163932,-121.9187491,2647,1.983808032,1.256891845,2
10590,37.2615358,-121.9074734,2740,1.644917927,1.041281266,1
10591,37.2614312,-121.8961978,2738,1.797378734,1.033700515,1
10592,37.26132553,-121.8849222,3236,1.884021021,1.032150107,1
10593,37.26121879,-121.8736467,2746,3.498256015,1.890328056,4
10594,37.26111097,-121.8623712,3228,2.989153968,1.196581376,3
10595,37.26100208,-121.8510958,1931,2.205050366,1.481794874,2
10596,37.26089212,-121.8398205,1929,3.705189587,1.306280914,4
10597,37.26078108,-121.8285452,3507,2.176860653,1.331905101,2
10598,37.26066897,-121.81727,3919,2.699409092,1.276196998,3
10599,37.26055578,-121.8059948,3316,3.035278892,1.388785626,4
10600,37.26044152,-121.7947197,1538,3.299303249,1.418033092,4
10723,37.27162823,-122.0313937,1853,2.021370721,1.068612658,2
10724,37.27153542,-122.0201161,1545,2.198553342,1.083506138,2
10725,37.27144153,-122.0088386,1558,2.11152929,1.270213533,2
10726,37.27134656,-121.9975611,1378,2.751284497,1.047830595,3
10727,37.27125052,-121.9862837,2172,2.728513529,1.026821801,3
10728,37.27115341,-121.9750063,2098,1.771697791,1.030576694,1
10729,37.27105522,-121.963729,2479,1.788445375,1.020267221,1
10730,37.27095596,-121.9524517,1680,2.34495488,1.556876158,3
10731,37.27085563,-121.9411745,2909,2.13043001,1.214256667,2
10732,37.27075422,-121.9298974,2619,1.524600244,1.051956452,1
10733,37.27065174,-121.9186203,2669,1.44906816,1.013370435,1
10734,37.27054818,-121.9073432,2351,1.671297961,1.035921504,1
10735,37.27044355,-121.8960662,2565,1.64409907,1.030178901,1
10736,37.27033784,-121.8847893,2616,1.628069098,1.13254614,1
10737,37.27023107,-121.8735124,2365,2.181616576,1.157276461,2
10738,37.27012321,-121.8622356,2417,3.236996426,1.40788637,4
10739,37.27001429,-121.8509589,2787,1.939601027,1.194878444,2
10740,37.26990429,-121.8396822,2622,2.405891144,1.187364555,3
10741,37.26979321,-121.8284056,2598,2.428537049,1.368838597,3
10742,37.26968107,-121.817129,3171,2.101794147,1.083843009,2
10743,37.26956784,-121.8058525,3459,3.278812371,1.019627634,4
10744,37.26945355,-121.7945761,1486,5.039549957,1.298095944,4
10867,37.28064095,-122.0312782,1600,2.059630415,1.287929063,2
10868,37.28054811,-122.0199993,1309,2.350998431,1.03283221,3
10869,37.28045418,-122.0087204,1386,2.362714938,1.126570371,3
10870,37.28035919,-121.9974416,1837,1.788229926,1.151411977,1
10871,37.28026312,-121.9861628,2645,1.654434991,1.029740387,1
10872,37.28016597,-121.9748841,2529,1.727900713,1.019272619,1
10873,37.28006776,-121.9636054,2679,2.312306891,1.089509458,2
10874,37.27996846,-121.9523268,2883,2.717052718,1.299100171,3
10875,37.2798681,-121.9410483,3243,4.969353971,1.09015316,4
10876,37.27976665,-121.9297698,2917,2.44561087,1.352676878,3
10877,37.27966414,-121.9184913,2327,1.933712848,1.183792168,2
10878,37.27956055,-121.9072129,2522,1.741230868,1.018055418,1
10879,37.27945588,-121.8959346,2134,1.532179722,1.030904138,1
10880,37.27935014,-121.8846563,2460,1.992874295,1.234633981,2
10881,37.27924333,-121.8733781,3189,2.574424069,1.50230165,3
10882,37.27913544,-121.8621,2552,2.836081799,1.245815199,3
10883,37.27902648,-121.8508219,3318,2.876123808,1.561529042,3
10884,37.27891644,-121.8395439,4344,2.933570784,1.317941483,3
10885,37.27880533,-121.8282659,4379,2.407525232,1.110114895,3
10886,37.27869315,-121.816988,2717,1.970902152,1.01213795,2
10887,37.27857989,-121.8057101,1359,3.807201174,1.421702097,4
11010,37.28974546,-122.042443,1454,2.557267547,1.007508567,3
11011,37.28965366,-122.0311627,3529,2.702912727,1.190971068,3
11012,37.28956078,-122.0198824,1262,3.669166873,1.121044234,4
11013,37.28946683,-122.0086022,1499,2.348150577,1.12651905,3
11014,37.2893718,-121.997322,2144,2.930220015,1.400239509,3
11015,37.2892757,-121.9860419,3575,1.633963444,1.114046316,1
11016,37.28917852,-121.9747618,2872,1.757105115,1.029591164,1
11017,37.28908027,-121.9634818,2404,2.579246007,1.4215239,3
11018,37.28898095,-121.9522019,4529,1.607621014,1.17842091,1
11019,37.28888055,-121.940922,4742,2.855774834,1.385232644,3
11020,37.28877907,-121.9296421,2799,2.058744211,1.277534125,2
11021,37.28867652,-121.9183623,1629,1.564759253,1.101149355,1
11022,37.2885729,-121.9070826,2390,1.777093758,1.008850323,1
11023,37.2884682,-121.8958029,2457,1.617476083,1.029944505,1
11024,37.28836243,-121.8845233,2339,2.524755639,1.481062979,3
11025,37.28825558,-121.8732438,2268,2.764158754,1.339727343,3
11026,37.28814766,-121.8619643,1621,2.521571167,1.058095319,3
11027,37.28803866,-121.8506848,2063,3.162745902,1.398004948,4
11028,37.28792859,-121.8394055,4102,2.536456394,1.185339255,3
11029,37.28781744,-121.8281261,5264,1.684216583,1.128409431,1
11030,37.28770522,-121.8168469,2089,2.791690911,1.370972668,3
11153,37.29884893,-122.0536105,1609,2.369387382,1.055892834,3
11154,37.29875818,-122.0423288,2402,1.858201449,1.049046953,1
11155,37.29866634,-122.0310471,3704,2.660369086,1.268371855,3
11156,37.29857344,-122.0197655,3220,1.555851463,1.065284859,1
11157,37.29847946,-122.0084839,2304,1.671228734,1.023101511,1
11158,37.2983844,-121.9972024,2842,4.769058908,1.257265793,4
11159,37.29828827,-121.9859209,3526,1.716616298,1.209581498,1
11160,37.29819106,-121.9746395,3191,1.807533297,1.036024441,1
11161,37.29809278,-121.9633581,3902,2.363797861,1.313176804,3
11162,37.29799342,-121.9520768,5366,1.896114832,1.324361139,1
11163,37.29789299,-121.9407956,3739,2.93238677,1.287095402,3
11164,37.29779148,-121.9295144,3066,2.524704762,1.383047807,3
11165,37.2976889,-121.9182333,2813,2.140471318,1.126269242,2
11166,37.29758524,-121.9069522,2051,1.906532507,1.039637031,1
11167,37.29748051,-121.8956712,2921,1.430226104,1.013489574,1
11168,37.2973747,-121.8843902,2730,1.56528968,1.04495773,1
11169,37.29726782,-121.8731093,1847,3.495120223,1.368372155,4
11170,37.29715986,-121.8618285,1038,3.077766916,1.165437741,4
11171,37.29705083,-121.8505477,3035,3.449997117,1.457100178,4
11172,37.29694072,-121.839267,4066,1.801679326,1.136791564,1
11173,37.29682954,-121.8279863,2935,3.951095611,2.128027776,4
11174,37.29671728,-121.8167057,2231,2.574281395,1.356649502,3
11175,37.29660395,-121.8054252,1410,2.752169108,1.399381841,3
11177,37.29637406,-121.7828643,1071,3.578375159,1.695823257,4
11179,37.29613987,-121.7603037,1367,3.990991542,1.168017723,4
11296,37.30795138,-122.0647806,1198,4.476328656,1.005325467,4
11297,37.30786167,-122.0534975,4013,1.55953476,1.020110581,1
11298,37.30777088,-122.0422145,2231,4.385355207,1.058595857,4
11299,37.30767902,-122.0309314,3195,1.815749764,1.199107326,1
11300,37.30758608,-122.0196485,2702,1.883597523,1.110299951,1
11301,37.30749207,-122.0083656,3590,1.785557852,1.132862824,1
11302,37.30739698,-121.9970827,2306,2.266035772,1.308248449,2
11303,37.30730082,-121.9857999,3061,1.724812586,1.027054975,1
11304,37.30720358,-121.9745171,4508,1.69792609,1.09691282,1
11305,37.30710527,-121.9632344,3549,2.32759255,1.518302707,2
11306,37.30700588,-121.9519518,4154,2.341920764,1.325417273,3
11307,37.30690541,-121.9406692,3017,4.741538101,1.050702837,4
11308,37.30680387,-121.9293866,4267,1.987211321,1.113645397,2
11309,37.30670125,-121.9181042,3204,2.295606056,1.616063486,2
11310,37.30659756,-121.9068217,2440,1.893533775,1.022293755,1
11311,37.3064928,-121.8955394,3244,1.729018659,1.146395965,1
11312,37.30638695,-121.8842571,2378,2.127668809,1.355881663,2
11313,37.30628004,-121.8729748,2397,2.793278519,1.249813674,3
11314,37.30617204,-121.8616926,1045,3.40500604,1.549040525,4
11315,37.30606298,-121.8504105,2929,2.320271703,1.345468058,2
11316,37.30595283,-121.8391285,2899,4.198707815,1.152673231,4
11317,37.30584162,-121.8278465,2600,1.689018292,1.085595812,1
11318,37.30572932,-121.8165645,3561,3.668022248,1.77438023,4
11319,37.30561595,-121.8052826,3967,1.957108634,1.267947787,2
11320,37.30550151,-121.7940008,1789,2.80718484,1.058399258,3
11321,37.30538599,-121.7827191,1964,3.422035684,1.129380839,4
11322,37.3052694,-121.7714374,2046,2.638403843,1.18621489,3
11323,37.30515173,-121.7601558,2016,2.576599706,1.180623803,3
11439,37.31705279,-122.0759535,1550,2.78198238,1.04042457,3
11440,37.31696413,-122.064669,1719,2.369169604,1.013210246,3
11441,37.31687439,-122.0533845,4972,1.880506329,1.019356362,1
11442,37.31678357,-122.0421001,5499,2.878340747,1.257516532,3
11443,37.31669168,-122.0308157,10749,1.787676374,1.186206365,1
11444,37.31659871,-122.0195314,4150,1.820980163,1.059477593,1
11445,37.31650467,-122.0082472,4441,1.779828472,1.041470158,1
11446,37.31640955,-121.9969629,3119,3.304699673,1.479672438,4
11447,37.31631336,-121.9856788,3638,3.727958788,1.116460884,4
11448,37.31621609,-121.9743947,4376,3.12706116,1.322697944,4
11449,37.31611774,-121.9631106,2869,3.960889731,1.321760627,4
11450,37.31601832,-121.9518266,3291,3.080868018,1.544921664,4
11451,37.31591782,-121.9405427,2955,3.16194825,1.279300914,4
11452,37.31581625,-121.9292588,5807,3.120819083,1.304976799,4
11453,37.3157136,-121.917975,3640,3.111813456,1.517349909,4
11454,37.31560987,-121.9066912,3441,3.301746549,1.307168816,4
11455,37.31550507,-121.8954075,2505,2.017744786,1.134436855,2
11456,37.3153992,-121.8841239,3621,2.701143438,1.354895937,3
11457,37.31529224,-121.8728403,4858,2.180470012,1.425825977,2
11458,37.31518422,-121.8615568,2929,2.279376573,1.286676878,2
11459,37.31507511,-121.8502733,1935,3.420629693,1.205222073,4
11460,37.31496493,-121.8389899,3697,1.878672123,1.102124483,1
11461,37.31485368,-121.8277065,3615,3.118699234,1.18250198,4
11462,37.31474135,-121.8164232,3565,1.860573211,1.077554129,1
11463,37.31462794,-121.80514,4045,2.768129916,1.535010766,3
11464,37.31451346,-121.7938568,2892,2.485423271,1.331597209,3
11465,37.31439791,-121.7825738,2823,1.735634708,1.20813419,1
11466,37.31428128,-121.7712907,2709,1.909013942,1.263777471,1
11467,37.31416357,-121.7600078,1965,2.239971374,1.12172621,2
11584,37.32597686,-122.0645573,1870,2.943519095,1.164241311,3
11585,37.32588709,-122.0532715,2142,3.505172329,1.455570924,4
11586,37.32579625,-122.0419857,3248,2.061737462,1.289531359,2
11587,37.32570433,-122.0307,6094,2.335439794,1.444119196,2
11588,37.32561133,-122.0194143,1790,2.994045181,1.440026828,3
11589,37.32551726,-122.0081287,2894,4.472149226,1.515883828,4
11590,37.32542211,-121.9968432,2918,3.087913639,1.498237789,4
11591,37.32532588,-121.9855577,4411,1.704584518,1.012470643,1
11592,37.32522858,-121.9742722,4983,1.765393885,1.204094757,1
11593,37.3251302,-121.9629868,3419,2.622540344,1.380362672,3
11594,37.32503075,-121.9517015,4162,1.809165072,1.091608821,1
11595,37.32493022,-121.9404162,3441,3.311861391,1.785482476,4
11596,37.32482861,-121.929131,4044,1.696763005,1.265596438,1
11597,37.32472593,-121.9178458,4554,1.982579158,1.186530789,2
11598,37.32462217,-121.9065607,2955,1.759027021,1.272258782,1
11599,37.32451733,-121.8952756,3867,3.831894079,1.704400354,4
11600,37.32441142,-121.8839906,4734,3.200100785,1.556844115,4
11601,37.32430444,-121.8727057,3400,2.540561014,1.827696204,3
11602,37.32419637,-121.8614208,1417,2.885092246,1.439279464,3
11603,37.32408724,-121.850136,3787,2.089989354,1.151663966,2
11604,37.32397702,-121.8388512,5612,4.142096254,1.083599579,4
11605,37.32386573,-121.8275665,4739,1.690205906,1.155953811,1
11606,37.32375336,-121.8162819,2497,2.100411254,1.49198694,2
11607,37.32363992,-121.8049973,2952,2.364380379,1.461066708,3
11608,37.3235254,-121.7937128,3587,1.726601026,1.070430328,1
11609,37.32340981,-121.7824284,3888,1.751284032,1.085877773,1
11610,37.32329314,-121.771144,2718,2.06754774,1.117452263,2
11726,37.33516595,-122.08702,1261,2.619653108,1.09245561,3
11727,37.3350783,-122.0757327,1082,3.721454096,1.030510187,4
11728,37.33498958,-122.0644455,2587,3.485965721,1.637976616,4
11729,37.33489978,-122.0531584,2363,5.159620002,1.216804717,4
11730,37.33480891,-122.0418712,4860,2.686589456,1.104432396,3
11731,37.33471696,-122.0305842,3613,3.155975316,1.598378591,4
11732,37.33462393,-122.0192972,2124,3.774070368,1.227312291,4
11733,37.33452983,-122.0080102,1813,3.129523221,1.107025114,4
11734,37.33443465,-121.9967233,3700,2.399015929,1.163263058,3
11735,37.33433839,-121.9854365,2638,1.827052616,1.026150567,1
11736,37.33424106,-121.9741497,2656,1.683126916,1.054239745,1
11737,37.33414265,-121.9628629,2916,2.091849111,1.508029429,2
11738,37.33404316,-121.9515762,3140,1.749829441,1.059246985,1
11739,37.3339426,-121.9402896,4219,2.587704363,1.326288289,3
11740,37.33384096,-121.929003,3553,1.632705817,1.082588759,1
11741,37.33373824,-121.9177165,3426,1.845950159,1.223884397,1
11742,37.33363445,-121.90643,4869,2.130398141,1.196439671,2
11743,37.33352958,-121.8951436,8155,2.261614942,1.685396978,2
11744,37.33342364,-121.8838573,8548,2.142923133,1.550940727,2
11745,37.33331662,-121.872571,4414,1.917031183,1.386074971,2
11746,37.33320852,-121.8612848,2601,5.226953997,1.604802088,4
11747,37.33309934,-121.8499986,5158,3.053170892,1.77889414,4
11748,37.33298909,-121.8387125,5360,2.080539748,1.071753514,2
11749,37.33287777,-121.8274265,4479,2.074910648,1.022898001,2
11750,37.33276536,-121.8161405,1976,4.213398994,1.306386361,4
11751,37.33265189,-121.8048546,3185,2.624452963,1.382807035,3
11752,37.33253733,-121.7935687,3385,1.738317447,1.192454674,1
11753,37.3324217,-121.7822829,2293,1.561091996,1.035281125,1
11754,37.33230499,-121.7709972,1387,2.495489883,1.055862389,3
11870,37.34417871,-122.0869109,1635,3.356644387,1.028422401,4
11871,37.34409104,-122.0756223,1774,2.340576704,1.297794778,3
11872,37.34400229,-122.0643337,1535,3.298204135,1.097609068,4
11873,37.34391246,-122.0530452,1933,1.680143298,1.027110911,1
11874,37.34382156,-122.0417567,2700,1.803666988,1.033046721,1
11875,37.34372958,-122.0304683,3573,1.959107281,1.136266141,2
11876,37.34363652,-122.01918,2670,1.718391085,1.008466366,1
11877,37.34354239,-122.0078917,2947,1.584966365,1.015447353,1
11878,37.34344717,-121.9966034,9386,2.1641816,1.317850897,2
11879,37.34335089,-121.9853152,4428,2.49351904,1.039753823,3
11880,37.34325352,-121.9740271,2850,1.969578102,1.141974301,2
11881,37.34315508,-121.962739,2961,1.478313863,1.019513246,1
11882,37.34305556,-121.9514509,2803,1.909050833,1.483724885,1
11883,37.34295497,-121.940163,3001,1.695839856,1.110809348,1
11884,37.34285329,-121.928875,2959,2.927449267,1.489692346,3
11885,37.34275054,-121.9175872,3615,1.918544587,1.174215566,2
11886,37.34264672,-121.9062994,2685,2.991064639,1.6489988,3
11887,37.34254182,-121.8950116,8500,2.599338485,1.507877972,3
11888,37.34243584,-121.8837239,15840,1.435971254,1.196807197,1
11889,37.34232878,-121.8724363,5683,1.529024325,1.069220262,1
11890,37.34222065,-121.8611487,4237,2.076273345,1.098597853,2
11891,37.34211144,-121.8498612,2885,4.525408092,1.425607787,4
11892,37.34200115,-121.8385737,5187,1.764209985,1.231460957,1
11893,37.34188979,-121.8272863,3760,2.099136973,1.061989992,2
11894,37.34177735,-121.815999,1904,2.60870898,1.488847879,3
11895,37.34166383,-121.8047117,1822,2.243021911,1.462191433,2
11896,37.34154924,-121.7934245,2497,2.223634824,1.144588948,2
11897,37.34143357,-121.7821374,1320,2.333877226,1.167679822,2
12013,37.35327809,-122.0980917,1097,1.855739521,1.005183064,1
12014,37.35319146,-122.0868017,1576,1.94905592,1.183363155,2
12015,37.35310376,-122.0755118,1827,1.825952728,1.11646153,1
12016,37.35301498,-122.0642218,1709,2.272098982,1.406512892,2
12017,37.35292513,-122.052932,2620,1.999747409,1.25119886,2
12018,37.35283419,-122.0416422,2546,2.212139947,1.181153172,2
12019,37.35274218,-122.0303524,3913,2.288031149,1.252144108,2
12020,37.3526491,-122.0190627,3728,2.450083936,1.30152894,3
12021,37.35255493,-122.0077731,3971,2.091023862,1.276905939,2
12022,37.35245969,-121.9964835,4593,2.205338618,1.339080512,2
12023,37.35236337,-121.9851939,6665,1.77201443,1.306498909,1
12024,37.35226597,-121.9739044,3690,2.112134541,1.396574467,2
12025,37.3521675,-121.962615,3183,1.785026517,1.165327969,1
12026,37.35206795,-121.9513256,3462,1.471130709,1.171436227,1
12027,37.35196732,-121.9400363,4422,2.19561648,1.378551099,2
12028,37.35186561,-121.928747,3309,3.970653711,1.207664915,4
12029,37.35176283,-121.9174578,1734,4.329701229,2.559924127,4
12030,37.35165897,-121.9061686,4006,3.290195721,1.913789711,4
12031,37.35155404,-121.8948795,4363,1.575244232,1.145129577,1
12032,37.35144802,-121.8835905,4482,1.424581874,1.090448011,1
12033,37.35134093,-121.8723015,3723,1.82190978,1.063468159,1
12034,37.35123276,-121.8610126,4054,3.197747474,1.873126656,4
12035,37.35112352,-121.8497237,4636,1.942967927,1.122510019,2
12036,37.3510132,-121.8384349,4698,3.594860256,1.396176158,4
12037,37.3509018,-121.8271462,4831,2.356015161,1.484464766,3
12038,37.35078932,-121.8158575,4567,2.081936284,1.149158209,2
12039,37.35067577,-121.8045689,3855,1.653438399,1.03450632,1
12040,37.35056114,-121.7932803,1608,2.029045222,1.023617553,2
12154,37.36254434,-122.1318582,1720,3.656282898,1.341003881,4
12156,37.36237642,-122.1092753,1286,2.607345693,1.017829242,3
12157,37.36229085,-122.0979839,1821,3.126726614,1.407570998,4
12158,37.3622042,-122.0866925,1925,1.54450006,1.011541686,1
12159,37.36211647,-122.0754012,2216,1.793096087,1.091795376,1
12160,37.36202766,-122.0641099,2359,3.939710722,1.065734199,4
12161,37.36193778,-122.0528187,3098,1.596119165,1.020364406,1
12162,37.36184681,-122.0415276,2816,2.078332061,1.039522457,2
12163,37.36175477,-122.0302365,3726,2.582647097,1.270450938,3
12164,37.36166166,-122.0189454,4120,2.507594449,1.283192076,3
12165,37.36156746,-122.0076544,3078,1.768641564,1.009458648,1
12166,37.36147219,-121.9963634,3247,2.153922992,1.180687314,2
12167,37.36137584,-121.9850725,3821,1.899930444,1.305351946,1
12168,37.36127841,-121.9737817,2991,2.007317836,1.230884623,2
12169,37.3611799,-121.9624909,4665,2.573680614,1.563937458,3
12170,37.36108032,-121.9512002,3418,1.885565764,1.018011987,1
12171,37.36097966,-121.9399095,3772,2.040491646,1.409132384,2
12173,37.3607751,-121.9173283,1475,4.265002166,1.784392595,4
12174,37.36067121,-121.9060378,6365,2.741382006,1.43657154,3
12175,37.36056624,-121.8947474,3556,2.388056629,1.548998907,3
12176,37.36046019,-121.883457,3411,2.14540644,1.132914051,2
12177,37.36035307,-121.8721666,3097,3.920201879,1.267873618,4
12178,37.36024486,-121.8608764,4204,2.096168958,1.370624013,2
12179,37.36013558,-121.8495861,5741,2.483309907,1.33491796,3
12180,37.36002523,-121.838296,3783,3.989196957,1.854428783,4
12181,37.35991379,-121.8270059,4192,1.669775554,1.101210085,1
12182,37.35980128,-121.8157159,4155,1.654272982,1.060673616,1
12183,37.35968769,-121.8044259,2580,3.870257899,1.007128177,4
12299,37.37147373,-122.1204615,1545,2.666738532,1.020256519,3
12300,37.3713892,-122.1091687,1891,2.21896829,1.342607324,2
12301,37.3713036,-122.097876,1759,1.863668844,1.027183621,1
12302,37.37121692,-122.0865832,2807,2.266246044,1.17653285,2
12303,37.37112916,-122.0752906,2381,2.364239713,1.261465292,3
12304,37.37104033,-122.063998,3235,4.224307181,1.124459471,4
12305,37.37095041,-122.0527054,3664,1.830724782,1.245305396,1
12306,37.37085942,-122.0414129,3566,2.263980542,1.246698918,2
12307,37.37076735,-122.0301205,3457,1.75302196,1.212073844,1
12308,37.3706742,-122.018828,3836,2.189114091,1.094100024,2
12309,37.37057998,-122.0075357,3413,2.128660177,1.045500337,2
12310,37.37048467,-121.9962434,2724,2.754120917,1.354294563,3
12311,37.37038829,-121.9849511,3069,3.111609912,1.038461469,4
12312,37.37029083,-121.9736589,4434,2.696410869,1.339397898,3
12313,37.37019229,-121.9623668,5212,2.486567165,1.608706591,3
12314,37.37009268,-121.9510747,1959,2.000300877,1.20546075,2
12317,37.36978736,-121.9171988,3162,3.369193084,1.978347174,4
12318,37.36968344,-121.9059069,3367,6.75974432,1.500054582,4
12319,37.36957843,-121.8946151,3104,2.009588487,1.272802393,2
12320,37.36947235,-121.8833234,2467,3.604568508,1.258711716,4
12321,37.36936519,-121.8720317,2749,2.855934153,1.501686852,3
12322,37.36925695,-121.8607401,3886,3.233765924,1.457852918,4
12323,37.36914764,-121.8494485,5293,5.565992459,1.82206961,4
12324,37.36903724,-121.838157,4013,1.811118318,1.238011337,1
12325,37.36892577,-121.8268656,4294,1.522350024,1.058643464,1
12326,37.36881322,-121.8155742,3174,2.008928557,1.001970097,2
12327,37.3686996,-121.8042829,1142,2.137373973,1.000115514,2
12443,37.38048652,-122.1203563,1956,2.29982847,1.658865542,2
12444,37.38040197,-122.1090621,2128,2.081259145,1.118706296,2
12445,37.38031634,-122.097768,1948,1.70838724,1.029040996,1
12446,37.38022963,-122.0864739,3198,2.061859319,1.140407606,2
12447,37.38014184,-122.0751799,3086,2.270638743,1.374372018,2
12448,37.38005298,-122.063886,3232,2.546105019,1.25626917,3
12449,37.37996303,-122.0525921,3584,1.796913187,1.010635591,1
12450,37.37987201,-122.0412982,2705,2.299551464,1.071498753,2
12451,37.37977991,-122.0300044,3144,2.460689692,1.243421732,3
12452,37.37968673,-122.0187106,4187,2.60152958,1.556467442,3
12453,37.37959248,-122.0074169,3959,3.279366044,1.698003233,4
12454,37.37949714,-121.9961233,2895,3.452112779,2.068179934,4
12455,37.37940073,-121.9848297,1872,2.787389837,1.686956794,3
12456,37.37930324,-121.9735361,4049,2.441157606,1.622906441,3
12457,37.37920467,-121.9622426,4171,3.688692274,1.661795775,4
12458,37.37910502,-121.9509492,1751,4.866501732,1.220384886,4
12460,37.37890249,-121.9283625,1732,2.700327448,1.732105558,3
12461,37.37879961,-121.9170692,3942,2.188327975,1.53076728,2
12462,37.37869565,-121.905776,2749,2.926230996,1.709634769,3
12463,37.37859061,-121.8944829,2165,2.571658685,1.228156437,3
12464,37.37848449,-121.8831898,2555,2.52942779,1.104928728,3
12465,37.3783773,-121.8718968,3226,1.884521788,1.129087784,1
12466,37.37826902,-121.8606038,2911,3.147919752,1.580786113,4
12467,37.37815967,-121.8493109,3733,2.0619176,1.248565633,2
12468,37.37804924,-121.838018,3957,1.77387856,1.050279109,1
12469,37.37793774,-121.8267252,3578,1.776276976,1.030254938,1
12470,37.37782515,-121.8154325,2013,2.513614042,1.01855544,3
12587,37.38949929,-122.120251,1811,2.002245328,1.105354433,2
12588,37.38941472,-122.1089555,3381,1.732835231,1.128708113,1
12589,37.38932906,-122.09766,4746,2.04200458,1.234598174,2
12590,37.38924232,-122.0863646,3759,1.775656009,1.331948068,1
12591,37.38915451,-122.0750692,3258,1.834312276,1.214522703,1
12592,37.38906561,-122.0637739,2966,4.283647821,1.89255416,4
12593,37.38897564,-122.0524786,2396,3.260738899,1.384210107,4
12594,37.38888459,-122.0411834,2347,2.312107756,1.564308575,2
12595,37.38879246,-122.0298883,3388,2.378031668,1.282594293,3
12596,37.38869925,-122.0185932,4535,1.788905713,1.104232013,1
12597,37.38860496,-122.0072981,4005,1.828349993,1.051298026,1
12598,37.3885096,-121.9960031,3289,3.398768716,1.718468995,4
12599,37.38841315,-121.9847082,2680,4.574254794,1.190633345,4
12600,37.38831563,-121.9734133,2465,3.483938034,1.648581252,4
12601,37.38821703,-121.9621184,7176,2.442525611,1.650006943,3
12602,37.38811735,-121.9508236,3292,2.530813795,1.310869698,3
12603,37.38801659,-121.9395289,2064,3.037467045,1.336691989,4
12604,37.38791475,-121.9282342,3296,2.586203948,2.153859049,3
12605,37.38781184,-121.9169396,3354,2.26905444,1.422537778,2
12606,37.38770784,-121.905645,3714,4.392337692,1.439999891,4
12607,37.38760277,-121.8943505,3426,2.202064088,1.287571674,2
12608,37.38749662,-121.8830561,2984,2.312554833,1.564861653,2
12609,37.38738939,-121.8717617,3068,2.552723814,1.116032513,3
12610,37.38728108,-121.8604674,2791,3.377735098,1.961797749,4
12611,37.3871717,-121.8491731,2826,2.412430091,1.119843632,3
12612,37.38706123,-121.8378789,3379,1.707980302,1.219610118,1
12613,37.38694969,-121.8265848,2280,3.20233834,1.01315754,4
12729,37.39867803,-122.1427395,2508,2.325366346,1.355591015,2
12730,37.39859559,-122.1314425,2399,3.20716357,1.59043944,4
12731,37.39851206,-122.1201456,2505,2.703077263,1.11775472,3
12732,37.39842745,-122.1088488,4024,1.827173441,1.172349017,1
12733,37.39834177,-122.0975519,4611,2.132145503,1.17145115,2
12734,37.398255,-122.0862552,3819,2.538975521,1.321172031,3
12735,37.39816716,-122.0749585,2963,2.376178922,1.737760652,3
12736,37.39807824,-122.0636618,2950,2.012196605,1.30778727,2
12737,37.39798823,-122.0523652,1375,3.133481365,1.178679228,4
12739,37.39780499,-122.0297721,2025,4.636091026,1.834938441,4
12740,37.39771176,-122.0184756,3247,3.445241689,1.163672786,4
12741,37.39761744,-122.0071792,3191,5.963733484,1.883859945,4
12742,37.39752204,-121.9958829,2967,2.525722535,1.204150671,3
12743,37.39742557,-121.9845866,3526,3.684614784,1.093072159,4
12744,37.39732801,-121.9732903,2080,2.728896139,1.198021005,3
12745,37.39722938,-121.9619941,6296,2.141715859,1.171139904,2
12746,37.39712967,-121.950698,6742,2.140280837,1.218809746,2
12747,37.39702887,-121.9394019,4436,3.092233916,1.508456192,4
12748,37.396927,-121.9281059,2742,2.415100995,1.654475206,3
12749,37.39682406,-121.9168099,2672,2.835098621,1.821886303,3
12750,37.39672003,-121.905514,3669,4.786308075,1.355328742,4
12751,37.39661492,-121.8942182,3493,2.22497892,1.277096088,2
12752,37.39650874,-121.8829224,3056,3.891255105,1.164097397,4
12753,37.39640147,-121.8716266,2569,3.632958403,2.355224117,4
12754,37.39629313,-121.860331,3066,2.031002963,1.137980156,2
12755,37.39618371,-121.8490353,2860,1.82590901,1.136424736,1
12756,37.39607321,-121.8377398,2063,1.619775226,1.018593295,1
12872,37.40777223,-122.1539351,1398,3.309494535,1.760135395,4
12873,37.40769084,-122.1426368,2152,5.197114459,1.128657797,4
12874,37.40760836,-122.1313385,2877,2.486192721,1.030170856,3
12875,37.40752481,-122.1200402,2804,2.55524977,1.178241235,3
12876,37.40744017,-122.108742,2838,2.571652737,1.419892718,3
12877,37.40735446,-122.0974438,3239,2.265549466,1.09561073,2
12878,37.40726767,-122.0861457,3009,1.60623531,1.099502824,1
12879,37.4071798,-122.0748477,2268,3.851211838,1.557511123,4
12880,37.40709085,-122.0635496,1340,3.492214197,1.846439754,4
12884,37.40672425,-122.0183581,2805,3.350422579,1.186327988,4
12885,37.4066299,-122.0070603,4018,3.579194795,1.761623958,4
12886,37.40653447,-121.9957626,1377,3.549723184,1.525674451,4
12887,37.40643796,-121.984465,1498,1.926952793,1.293350881,2
12889,37.40624171,-121.9618698,3337,3.086551566,1.25102873,4
12890,37.40614197,-121.9505723,5517,3.131218114,1.242932487,4
12891,37.40604114,-121.9392749,6125,2.248193548,1.504664756,2
12892,37.40593924,-121.9279775,3469,2.461063956,1.547362359,3
12893,37.40583626,-121.9166802,3046,2.499022701,1.233819544,3
12894,37.4057322,-121.9053829,3197,4.087500332,1.447536874,4
12895,37.40562706,-121.8940857,3334,3.063724769,1.740551021,4
12896,37.40552084,-121.8827886,3442,2.945121996,1.44411291,3
12897,37.40541354,-121.8714915,2617,2.103451505,1.105513681,2
12898,37.40530516,-121.8601945,3559,1.797659763,1.036542894,1
12899,37.4051957,-121.8488975,3117,1.877461564,1.070912888,1
13011,37.41717596,-122.2103329,1782,3.911455241,1.2394994,4
13012,37.41709993,-122.199033,1126,2.542383491,1.057311435,3
13014,37.41694465,-122.1764333,1309,2.381948891,1.319181362,3
13015,37.41686539,-122.1651335,3001,1.823637306,1.150468603,1
13016,37.41678505,-122.1538337,3219,2.860411493,1.29434695,3
13017,37.41670362,-122.142534,4437,2.896453041,1.190569434,3
13018,37.41662112,-122.1312344,3378,2.072714962,1.235141177,2
13019,37.41653754,-122.1199348,3178,2.059370977,1.242570381,2
13020,37.41645288,-122.1086352,3003,2.317581943,1.203018792,2
13021,37.41636714,-122.0973357,2872,1.905938903,1.279354576,1
13022,37.41628032,-122.0860362,4726,4.138851872,1.319867878,4
13023,37.41619242,-122.0747368,1249,2.888887922,1.302582174,3
13027,37.41583002,-122.0295396,1295,2.051952185,1.296956179,2
13028,37.41573672,-122.0182405,1011,2.597175457,1.971343649,3
13029,37.41564234,-122.0069413,1035,2.279222711,1.865704002,2
13033,37.41525403,-121.9617454,1614,4.419639618,1.524074722,4
13034,37.41515425,-121.9504466,3056,2.441075511,1.244430409,3
13035,37.4150534,-121.9391478,3586,3.079296827,1.525421606,4
13036,37.41495146,-121.9278491,2217,3.221867396,1.255094882,4
13037,37.41484845,-121.9165504,1749,2.829856223,1.454011466,3
13038,37.41474435,-121.9052518,3142,2.904799656,1.417047142,3
13039,37.41463918,-121.8939532,3209,2.662421398,1.442976098,3
13040,37.41453292,-121.8826547,3431,3.432639759,1.511807639,4
13041,37.41442559,-121.8713563,3393,1.722688206,1.202352244,1
13042,37.41431717,-121.8600579,3100,1.739064029,1.092446645,1
13043,37.41420768,-121.8487596,1901,2.207252338,1.043215217,2
13155,37.42618888,-122.2102383,1437,2.17405887,1.264769321,2
13156,37.42611284,-122.198937,2506,2.454033206,1.285865054,3
13157,37.42603571,-122.1876358,1884,2.823493289,1.346790426,3
13158,37.4259575,-122.1763346,5506,2.633406313,1.334022156,3
13159,37.42587822,-122.1650334,3924,2.516667079,1.163998136,3
13160,37.42579785,-122.1537323,3412,2.37634062,1.115469397,3
13161,37.4257164,-122.1424313,4257,2.262286361,1.440859408,2
13162,37.42563387,-122.1311302,3072,2.578877702,1.059519603,3
13163,37.42555026,-122.1198293,2582,1.814197647,1.033248159,1
13164,37.42546558,-122.1085284,2837,1.726264881,1.049605854,1
13165,37.42537981,-122.0972275,1569,3.012988677,1.491565047,3
13176,37.42436507,-121.9729212,1088,1.945025878,1.028176261,2
13181,37.42386062,-121.9164205,2234,3.771836502,1.466280867,4
13182,37.42375649,-121.9051206,4644,2.695196493,1.234640831,3
13183,37.42365128,-121.8938206,4887,3.019260935,1.079939075,3
13184,37.42354499,-121.8825208,2417,2.775460115,1.038431773,3
13185,37.42343762,-121.871221,3554,2.318091732,1.010335398,2
13186,37.42332918,-121.8599213,2438,2.594890025,1.822262197,3
13299,37.4352018,-122.2101436,1483,1.793350457,1.034813539,1
13300,37.43512573,-122.1988409,1848,1.621262766,1.016461374,1
13301,37.43504857,-122.1875383,1765,2.6603783,1.067200227,3
13302,37.43497034,-122.1762358,2628,2.080556659,1.253446515,2
13303,37.43489103,-122.1649333,2192,2.324028923,1.682316821,2
13304,37.43481064,-122.1536308,3068,2.410665836,1.478203231,3
13305,37.43472916,-122.1423284,2106,1.773751258,1.03465887,1
13306,37.43464661,-122.1310261,2399,1.847886512,1.088646654,1
13307,37.43456297,-122.1197237,2223,1.737191174,1.010007574,1
13325,37.43287278,-121.9162906,2065,3.018848306,1.054629585,3
13326,37.43276862,-121.9049893,2205,3.691735197,1.455988699,4
13327,37.43266337,-121.893688,3212,2.430495107,1.427423685,3
13328,37.43255705,-121.8823868,3367,2.127642176,1.422442833,2
13329,37.43244965,-121.8710857,3002,2.05018296,1.004504745,2
13438,37.44457896,-122.2665694,1027,2.638151494,1.261115756,3
13441,37.44436365,-122.2326569,1480,3.080479003,2.383308727,4
13442,37.44428971,-122.2213529,1024,1.866804109,1.006312931,1
13444,37.4441386,-122.1987448,1150,1.675487368,1.045081934,1
13445,37.44406142,-122.1874409,2973,1.654864741,1.015872231,1
13446,37.44398317,-122.176137,2790,2.834381501,1.269678234,3
13447,37.44390383,-122.1648331,6361,2.564548476,1.329041899,3
13448,37.44382341,-122.1535293,4824,1.501096299,1.187622098,1
13449,37.44374191,-122.1422256,2710,1.470417074,1.022991103,1
13450,37.44365933,-122.1309218,2445,2.172086823,1.09842646,2
13451,37.44357566,-122.1196182,1477,3.303420704,1.138831122,4
13469,37.44188493,-121.9161606,2469,3.893602816,1.022529834,4
13470,37.44178073,-121.904858,2500,2.89421457,1.262078458,3
13471,37.44167545,-121.8935553,2331,3.318930428,1.103045549,4
13472,37.44156909,-121.8822528,3188,1.867555608,1.058015839,1
13473,37.44146166,-121.8709503,1785,2.048308532,1.002443271,2
13583,37.45352125,-122.2551758,1186,3.016818353,1.061414779,3
13584,37.45344946,-122.2438703,1419,2.623617197,1.042822004,3
13585,37.45337658,-122.2325648,2526,1.895341322,1.287292917,1
13586,37.45330262,-122.2212594,2210,1.631314566,1.061179364,1
13589,37.45307426,-122.1873434,4522,1.649224154,1.207670718,1
13590,37.45299598,-122.1760381,6519,2.505354673,1.287256722,3
13591,37.45291661,-122.1647329,2353,1.957699118,1.174554178,2
13592,37.45283617,-122.1534278,2331,1.606234011,1.025405904,1
13593,37.45275464,-122.1421226,2704,1.741119261,1.009503001,1
13594,37.45267203,-122.1308176,3728,3.493304862,1.054343711,4
13613,37.45089706,-121.9160306,2453,3.384464255,1.271148985,4
13614,37.45079283,-121.9047266,2894,1.863940276,1.284966494,1
13615,37.45068752,-121.8934226,2397,3.951204838,1.359163928,4
13616,37.45058112,-121.8821187,1952,2.81852873,1.023817563,3
13726,37.46260496,-122.2663933,1104,2.017739074,1.005683153,2
13727,37.46253422,-122.2550864,1815,2.61039393,1.059088298,3
13728,37.4624624,-122.2437796,2347,1.638937045,1.020698286,1
13729,37.4623895,-122.2324727,3436,1.524600563,1.017037004,1
13730,37.46231552,-122.221166,2999,2.964818077,1.251442198,3
13731,37.46224046,-122.2098592,1426,1.905287709,1.072751144,1
13732,37.46216431,-122.1985525,1322,1.941290688,1.196497187,2
13733,37.46208708,-122.1872459,1271,2.179941377,1.203248686,2
13734,37.46200877,-122.1759392,1495,1.794067445,1.249345156,1
13735,37.46192938,-122.1646327,2326,2.217795782,1.052704545,2
13736,37.46184891,-122.1533262,3475,2.074268284,1.09055405,2
13737,37.46176736,-122.1420197,4361,2.856760819,1.460841337,3
13738,37.46168472,-122.1307132,3135,1.606409407,1.028885685,1
13757,37.45990917,-121.9159005,2810,2.35116646,1.188554292,3
13758,37.45980491,-121.9045951,4764,4.196374387,1.171063383,4
13870,37.47161793,-122.2663052,1003,3.469539125,1.113787185,4
13871,37.47154717,-122.254997,1466,1.998062134,1.019131281,2
13872,37.47147533,-122.2436888,2509,1.442932558,1.070557693,1
13873,37.47140241,-122.2323806,4532,1.533686963,1.036077841,1
13874,37.4713284,-122.2210724,4668,2.177138807,1.477089006,2
13875,37.47125331,-122.2097643,4624,2.732811011,1.227341307,3
13876,37.47117714,-122.1984563,2814,1.755659583,1.029481801,1
13877,37.47109989,-122.1871483,1302,2.279596462,1.054442818,2
13878,37.47102156,-122.1758403,1056,2.336643019,1.008492605,2
13879,37.47094214,-122.1645324,2094,2.637778753,1.039449137,3
13880,37.47086164,-122.1532245,3057,2.667336612,1.357002505,3
13881,37.47078006,-122.1419167,3845,1.695913113,1.186499175,1
13882,37.4706974,-122.1306089,2213,1.613441871,1.046796304,1
13900,37.46902449,-121.9270772,1570,5.554703169,1.056261377,4
13901,37.46892128,-121.9157704,3155,2.739824032,1.186560063,3
13902,37.46881698,-121.9044636,2097,2.837265093,1.347430294,3
14014,37.48063089,-122.2662171,1269,2.092785264,1.000141641,2
14015,37.48056011,-122.2549075,1922,2.009934625,1.034552935,2
14016,37.48048825,-122.2435979,2736,1.339747561,1.016932998,1
14017,37.4804153,-122.2322884,5341,1.556839612,1.144382289,1
14018,37.48034127,-122.2209789,5460,2.082018591,1.369352125,2
14019,37.48026616,-122.2096694,3751,1.62080875,1.032402626,1
14020,37.48018996,-122.19836,3551,1.535704832,1.011586199,1
14021,37.48011269,-122.1870507,2348,2.749540701,1.214886475,3
14022,37.48003433,-122.1757413,1493,4.184597116,1.163995613,4
14023,37.47995489,-122.164432,1710,3.813205129,1.949502022,4
14024,37.47987436,-122.1531228,1256,3.345030271,2.299606298,4
14025,37.47979276,-122.1418136,1183,3.315539828,1.692887425,4
14043,37.47813878,-121.9382565,1826,2.21660207,1.257456196,2
14044,37.47803662,-121.9269483,2271,3.451854987,1.108107363,4
14045,37.47793337,-121.9156402,1711,2.624282646,1.059833925,3
14157,37.48971356,-122.27744,1190,3.784700741,1.010655344,4
14158,37.48964384,-122.266129,2040,1.909317253,1.124299302,1
14159,37.48957304,-122.254818,2659,1.744166092,1.073090895,1
14160,37.48950115,-122.2435071,2895,1.711756601,1.233494678,1
14161,37.48942818,-122.2321962,3896,1.703957844,1.342267077,1
14162,37.48935412,-122.2208853,4492,2.86220504,1.430664896,3
14163,37.48927899,-122.2095745,1447,2.432012084,1.176804139,3
14164,37.48920277,-122.1982637,1666,4.184145357,1.113615843,4
14186,37.48725204,-121.9494386,1753,2.18160468,1.621573272,2
14187,37.48715092,-121.938129,3705,3.764821215,1.181951346,4
14188,37.48704872,-121.9268194,2293,2.208187946,1.482614593,2
14300,37.49879518,-122.2886656,1354,2.400795837,1.009002505,3
14301,37.49872652,-122.2773531,1766,2.301618037,1.068222318,2
14302,37.49865678,-122.2660408,3264,2.308569536,1.113602524,2
14303,37.49858595,-122.2547284,3335,1.48058051,1.049826769,1
14304,37.49851404,-122.2434161,2109,2.780776707,1.152221296,3
14330,37.4962642,-121.9493124,1752,3.62235425,1.656126514,4
14331,37.49616305,-121.9380014,2968,5.819695121,1.060343472,4
14332,37.49606082,-121.9266905,1863,4.257378537,1.309693196,4
14333,37.4959575,-121.9153796,1200,2.471803814,1.362826905,3
14442,37.50794227,-122.3112077,1339,3.60626424,1.435014444,4
14443,37.50787575,-122.2998939,2314,3.157366595,1.118221589,4
14444,37.50780815,-122.28858,2798,2.041555317,1.018716348,2
14445,37.50773946,-122.2772663,1734,2.535297883,1.035262595,3
14446,37.5076697,-122.2659525,3157,1.76723933,1.097115969,1
14447,37.50759885,-122.2546388,2410,2.946877184,1.212452166,3
14471,37.5055734,-121.9831235,1149,2.430857269,1.437433865,3
14472,37.50547547,-121.971811,1294,1.961761072,1.228925849,2
14473,37.50537645,-121.9604985,1886,3.630832344,1.763506413,4
14474,37.50527635,-121.9491861,1612,2.069504554,1.441901287,2
14475,37.50517517,-121.9378737,1657,5.619714942,1.49101554,4
14476,37.5050729,-121.9265614,1545,3.091292091,1.296457637,4
14477,37.50496955,-121.9152492,1339,2.633857914,1.117226117,3
14584,37.51708509,-122.3337554,1124,3.393286548,1.457935159,4
14586,37.51695526,-122.3111249,1405,3.228828133,1.063549611,4
14587,37.51688872,-122.2998097,2602,2.01855334,1.02446149,2
14588,37.5168211,-122.2884945,2591,2.607664007,1.157168503,3
14589,37.51675239,-122.2771793,2866,2.945334273,1.136902746,3
14590,37.5166826,-122.2658643,2730,2.737581051,1.127695776,3
14591,37.51661173,-122.2545492,2525,3.255392487,1.893908501,4
14613,37.51477831,-122.0056291,1805,3.547712681,1.268109322,4
14614,37.51468251,-121.9943151,3006,2.072542968,1.539525121,2
14615,37.51458563,-121.9830012,1897,3.645246031,1.0277334,4
14616,37.51448766,-121.9716873,3011,3.655652618,1.122824618,4
14617,37.51438861,-121.9603735,3222,2.357871091,1.226225554,3
14618,37.51428848,-121.9490597,2295,3.027364147,1.565288109,4
14619,37.51418726,-121.937746,1344,3.081147778,1.474583833,4
14620,37.51408496,-121.9264324,1231,2.810152164,1.146326786,3
14621,37.51398158,-121.9151188,1297,2.565694946,1.261454586,3
14728,37.52609811,-122.3336752,1493,3.335560961,1.168734503,4
14729,37.52603372,-122.3223586,1288,4.202454157,1.029282624,4
14730,37.52596824,-122.311042,2977,3.055999331,1.081300639,4
14731,37.52590168,-122.2997254,2976,2.061844423,1.244894414,2
14732,37.52583404,-122.2884089,3273,2.119199153,1.056084291,2
14733,37.52576531,-122.2770924,2857,2.307874712,1.182500384,2
14734,37.5256955,-122.2657759,5873,3.54979632,1.841952278,4
14735,37.5256246,-122.2544595,3955,2.623129314,1.318969347,3
14753,37.52416307,-122.0507714,1542,1.922749096,1.119117698,2
14754,37.52407157,-122.0394559,2644,2.5601404,1.351600535,3
14755,37.52397899,-122.0281404,1933,2.41971618,1.042980934,3
14756,37.52388533,-122.0168249,1674,1.788868055,1.033691923,1
14757,37.52379059,-122.0055095,2231,2.312366555,1.462144275,2
14758,37.52369476,-121.9941942,3136,3.650848289,1.395922421,4
14759,37.52359784,-121.9828789,2973,2.129528467,1.475847015,2
14760,37.52349984,-121.9715636,2987,2.297967916,1.493185458,2
14761,37.52340076,-121.9602484,3709,2.07235792,1.115179425,2
14762,37.5233006,-121.9489333,1832,5.187411893,1.215984889,4
14764,37.52309702,-121.9263032,1927,2.158618336,1.192510291,2
14765,37.5229936,-121.9149883,2230,2.551643754,1.300164269,3
14872,37.53511112,-122.3335951,1933,4.23570921,2.100659158,4
14873,37.53504671,-122.3222771,1936,2.498423548,1.015356218,3
14874,37.53498121,-122.3109591,3187,1.797812215,1.137353823,1
14875,37.53491463,-122.2996411,3956,1.813008246,1.168999335,1
14876,37.53484696,-122.2883233,3565,2.086706037,1.047395138,2
14877,37.53477821,-122.2770054,2416,4.447447223,1.020051482,4
14878,37.53470837,-122.2656876,3413,2.858213575,1.181331337,3
14879,37.53463745,-122.2543698,2265,2.576817763,1.340242959,3
14880,37.53456545,-122.2430521,1972,2.721690427,1.287330465,3
14881,37.53449236,-122.2317344,1015,1.119494001,1.336454966,1
14897,37.53317545,-122.0506572,2426,2.272881646,1.008305335,2
14898,37.53308393,-122.0393403,3297,1.718506538,1.091989126,1
14899,37.53299132,-122.0280234,3169,2.524321314,1.509256939,3
14900,37.53289763,-122.0167066,2183,2.532992082,1.152323155,3
14901,37.53280285,-122.0053898,1973,4.171020289,1.477728909,4
14902,37.53270699,-121.9940731,2752,1.793621259,1.037266199,1
14903,37.53261004,-121.9827565,3700,2.01227373,1.176023117,2
14904,37.53251201,-121.9714399,3644,1.933395239,1.109526754,2
14905,37.5324129,-121.9601233,3793,1.777713104,1.191069044,1
14906,37.5323127,-121.9488068,2602,2.969253259,1.645029003,3
14907,37.53221142,-121.9374904,1847,3.051123017,1.841373656,4
14908,37.53210905,-121.926174,1836,1.919330174,1.083833826,2
14909,37.5320056,-121.9148577,1409,3.093026097,1.135839446,4
15016,37.54412411,-122.3335148,1257,2.974882944,1.155453659,3
15017,37.54405968,-122.3221955,2359,5.188677198,2.098700202,4
15018,37.54399416,-122.3108761,3605,1.865495437,1.170380071,1
15019,37.54392756,-122.2995568,3700,2.860490131,1.361552352,3
15020,37.54385987,-122.2882376,3481,3.192528296,1.41536067,4
15021,37.5437911,-122.2769184,2754,3.488045978,1.189040961,4
15022,37.54372124,-122.2655992,2627,3.660578033,1.059935388,4
15023,37.5436503,-122.25428,1351,4.975982123,1.222408473,4
15024,37.54357827,-122.2429609,1137,2.13669204,1.205945325,2
15025,37.54350515,-122.2316419,1086,1.886274924,1.269553728,1
15041,37.54218782,-122.0505429,2335,1.948528983,1.320588224,2
15042,37.54209626,-122.0392246,2856,1.811338797,1.133367163,1
15043,37.54200363,-122.0279064,2875,1.964837509,1.283250328,2
15044,37.5419099,-122.0165882,2309,3.193149922,1.493911658,4
15045,37.5418151,-122.0052701,2360,1.73126407,1.051550792,1
15046,37.5417192,-121.9939521,2743,1.885889372,1.116661132,1
15047,37.54162223,-121.982634,4297,1.667885488,1.077915537,1
15048,37.54152417,-121.9713161,4343,1.940785757,1.20366231,2
15049,37.54142502,-121.9599982,1494,2.629810115,1.773448336,3
15050,37.54132479,-121.9486803,1747,1.77138016,1.2460088,1
15051,37.54122348,-121.9373625,3226,2.243113177,1.189119429,2
15160,37.55313709,-122.3334346,2017,1.845893933,1.058315333,1
15161,37.55307264,-122.3221138,3579,1.479898414,1.062846481,1
15162,37.5530071,-122.3107932,4334,3.467017639,1.566923394,4
15163,37.55294047,-122.2994725,3214,3.213023094,1.683204697,4
15164,37.55287276,-122.2881519,2659,3.905904388,1.383952032,4
15165,37.55280397,-122.2768313,3974,3.265044395,1.504158763,4
15166,37.55273409,-122.2655107,3131,2.111715554,1.246399302,2
15167,37.55266312,-122.2541902,3222,2.089122786,1.509087991,2
15184,37.55129067,-122.0617483,1079,2.554134851,1.633175685,3
15185,37.55120017,-122.0504286,1368,3.064753928,2.087684872,4
15186,37.55110859,-122.039109,1776,2.319355157,1.404429982,2
15187,37.55101592,-122.0277894,2404,3.363583425,1.360435637,4
15188,37.55092217,-122.0164698,3976,2.630496512,1.344995306,3
15189,37.55082733,-122.0051503,5065,1.922658795,1.135965591,2
15190,37.55073141,-121.9938309,4525,2.034089972,1.190409569,2
15191,37.5506344,-121.9825115,5352,1.88272683,1.436171141,1
15192,37.55053631,-121.9711922,4738,2.242190415,1.564901297,2
15193,37.55043713,-121.9598729,1322,4.938634886,1.150903422,4
15194,37.55033687,-121.9485537,1789,2.213162874,1.151893056,2
15195,37.55023552,-121.9372346,1343,2.306670914,1.358565566,2
15303,37.56221345,-122.3446764,1065,1.84247685,1.03579185,1
15304,37.56215006,-122.3333543,2869,1.719914885,1.011574227,1
15305,37.56208559,-122.3220322,5816,1.619163775,1.174033176,1
15306,37.56202002,-122.3107101,3787,2.426726384,1.055477117,3
15307,37.56195338,-122.2993881,3225,3.131296372,1.170654951,4
15308,37.56188565,-122.2880661,3214,3.128043298,1.353471886,4
15309,37.56181683,-122.2767442,4722,2.941266271,1.899887332,3
15310,37.56174693,-122.2654223,2875,2.095892892,1.633962434,2
15311,37.56167594,-122.2541004,2497,3.555084539,1.019985572,4
15328,37.56030304,-122.0616353,1386,3.177248208,1.793241096,4
15329,37.56021251,-122.0503142,4434,3.784674546,1.041645814,4
15330,37.5601209,-122.0389932,2306,4.035710792,1.764960302,4
15331,37.5600282,-122.0276723,3060,2.079578843,1.034050549,2
15332,37.55993442,-122.0163514,3955,2.089981137,1.325946634,2
15333,37.55983955,-122.0050305,2979,2.373133756,1.263022109,3
15334,37.5597436,-121.9937097,2171,2.333679648,1.394183502,2
15335,37.55964656,-121.982389,2836,2.334876533,1.403456316,2
15336,37.55954843,-121.9710683,3424,2.138538553,1.277118422,2
15337,37.55944922,-121.9597477,1716,2.3534954,1.376217301,3
15338,37.55934893,-121.9484271,1011,4.171609959,1.166765993,4
15446,37.57128875,-122.355921,1159,1.62194766,1.012451946,1
15447,37.57122642,-122.3445974,2727,1.568741355,1.230786301,1
15448,37.57116301,-122.333274,4647,1.503659232,1.062858724,1
15449,37.57109852,-122.3219505,6113,1.769648184,1.127533473,1
15450,37.57103294,-122.3106271,3533,2.340568673,1.527506645,3
15451,37.57096627,-122.2993037,1696,4.021615132,1.383578849,4
15453,37.57082967,-122.276657,2145,1.800267374,1.417023752,1
15454,37.57075975,-122.2653338,2032,3.88646113,1.157585338,4
15471,37.56940487,-122.0728447,2814,1.995702082,1.438751094,2
15472,37.5693154,-122.0615222,2013,4.912854107,1.173083183,4
15473,37.56922484,-122.0501998,3240,2.179696106,1.180653413,2
15474,37.5691332,-122.0388774,3047,3.100229694,1.37084997,4
15475,37.56904047,-122.0275551,2517,2.661130033,1.316872274,3
15476,37.56894665,-122.0162329,2069,2.432527117,1.206797594,3
15480,37.56856054,-121.9709443,1211,2.604533315,1.224605665,3
15481,37.5684613,-121.9596223,1640,3.194128982,1.165777394,4
15587,37.58048224,-122.3898182,1321,4.53941337,1.025620043,4
15588,37.58042316,-122.3784932,1860,2.100817818,1.023836978,2
15589,37.58036298,-122.3671683,2099,1.718654976,1.065969265,1
15590,37.58030173,-122.3558433,3406,1.660913946,1.089723153,1
15591,37.58023938,-122.3445184,5259,1.580373203,1.125077765,1
15592,37.58017595,-122.3331936,4386,1.530260177,1.105344327,1
15593,37.58011144,-122.3218688,3667,4.227712442,1.111884242,4
15594,37.58004583,-122.310544,1205,1.188990168,1.012749763,1
15615,37.57841724,-122.0727329,2934,1.70684068,1.059817212,1
15616,37.57832774,-122.0614091,2936,3.327258168,1.056650993,4
15617,37.57823715,-122.0500853,2217,2.63844056,1.558384449,3
15618,37.57814548,-122.0387616,2725,2.178685135,1.174175225,2
15619,37.57805272,-122.0274379,2754,2.216023355,1.277417024,2
15620,37.57795888,-122.0161143,2462,3.436220402,1.132450664,4
15621,37.57786395,-122.0047907,1127,2.967433341,1.069558198,3
15622,37.57776793,-121.9934672,1676,2.125656267,1.245248162,2
15623,37.57767083,-121.9821437,1137,1.965239739,1.339255443,2
15730,37.58955328,-122.401071,1757,2.390706906,1.010135578,3
15731,37.58949526,-122.3897446,2900,1.609778201,1.016917173,1
15732,37.58943616,-122.3784183,3057,1.857656122,1.090927547,1
15733,37.58937597,-122.367092,3445,2.69284895,1.528746005,3
15734,37.58931469,-122.3557657,2005,3.367921688,1.832571527,4
15735,37.58925233,-122.3444394,2203,4.619360979,1.589524494,4
15736,37.58918888,-122.3331132,1204,2.835106211,1.080670166,3
15758,37.58751804,-122.0839464,1594,1.917813244,1.31551397,2
15759,37.58742959,-122.0726211,3664,2.066935897,1.223027985,2
15760,37.58734006,-122.0612959,3136,3.320166125,1.055720287,4
15761,37.58724945,-122.0499708,2980,3.642332173,1.05355044,4
15762,37.58715775,-122.0386457,2520,2.739611267,1.150163906,3
15763,37.58706496,-122.0273207,3564,2.047105599,1.180062727,2
15764,37.58697108,-122.0159957,4332,2.323683733,1.151742475,2
15765,37.58687612,-122.0046707,2652,5.14566681,1.214261336,4
15873,37.59862326,-122.4123266,1281,1.797368467,1.014329406,1
15874,37.59856631,-122.4009988,2889,1.908989174,1.229761366,1
15875,37.59850827,-122.389671,3716,2.152815573,1.230735758,2
15876,37.59844915,-122.3783433,2815,3.757657435,1.368524767,4
15877,37.59838894,-122.3670156,2480,4.039553443,1.786949945,4
15902,37.59653041,-122.0838359,1685,2.231482748,1.132849054,2
15903,37.59644194,-122.0725093,3216,2.69966201,1.350892118,3
15904,37.59635238,-122.0611827,2328,3.193688602,1.370032758,4
15905,37.59626173,-122.0498562,2758,2.098337194,1.295654848,2
15906,37.59617,-122.0385298,1768,1.705097476,1.118014096,1
15907,37.59607718,-122.0272033,3291,2.177150923,1.014055803,2
15908,37.59598328,-122.015877,2692,2.567112054,1.282144103,3
15909,37.59588829,-122.0045507,1538,3.360943768,1.716354901,4
16016,37.60769217,-122.4235849,1157,5.574619214,1.027977294,4
16017,37.60763629,-122.4122557,1627,2.109499348,1.083781385,2
16018,37.60757933,-122.4009265,3702,1.744525415,1.206791497,1
16019,37.60752127,-122.3895974,2127,5.162134867,1.185692155,4
16047,37.60545426,-122.0723974,1749,2.701873481,1.22884296,3
16048,37.60536468,-122.0610695,2121,2.33962983,1.310891921,2
16049,37.605274,-122.0497416,2517,2.410406327,1.11758857,3
16050,37.60518224,-122.0384138,1534,1.986355621,1.476781802,2
16051,37.60508939,-122.027086,2325,2.042029615,1.049411001,2
16052,37.60499546,-122.0157583,1728,3.089878607,2.314778607,4
16159,37.61676002,-122.4348459,1558,4.091275138,1.261757822,4
16160,37.61670521,-122.4235153,2110,2.224610991,1.227588324,2
16161,37.61664931,-122.4121847,3259,1.713394716,1.09425401,1
16162,37.61659233,-122.4008542,2819,4.659888378,1.366289033,4
16189,37.61464255,-122.0949442,1274,3.441954762,1.137467042,4
16190,37.61455511,-122.0836148,1980,2.305165657,1.325233409,2
16191,37.61446658,-122.0722855,1322,5.143412977,2.15395195,4
16192,37.61437696,-122.0609562,1777,2.886181159,1.204705345,3
16193,37.61428626,-122.0496269,1947,3.039677881,1.010195479,4
16194,37.61419447,-122.0382977,2145,2.981038261,1.030412053,3
16195,37.61410159,-122.0269686,1851,3.127369329,1.105971822,4
16300,37.62593102,-122.4687737,1232,5.350581385,1.215761731,4
16301,37.62587945,-122.4574417,1405,2.412587367,1.013374673,3
16302,37.6258268,-122.4461096,1887,2.163686551,1.305843351,2
16303,37.62577306,-122.4347777,1688,4.399700611,1.214162738,4
16304,37.62571823,-122.4234457,3003,2.810618035,1.432596747,3
16305,37.62566232,-122.4121138,4540,1.593767196,1.138628274,1
16306,37.62560531,-122.4007819,1544,5.274657328,1.349022039,4
16331,37.62382658,-122.1174966,1186,1.801085052,1.061511988,1
16332,37.62374128,-122.1061657,1765,3.187886639,1.00363878,4
16333,37.6236549,-122.0948349,3972,2.035082701,1.107658147,2
16334,37.62356743,-122.0835042,3768,2.787258167,1.042127041,3
16335,37.62347888,-122.0721735,2981,2.78429315,1.193947038,3
16336,37.62338923,-122.0608428,2587,2.336880137,1.120527883,2
16337,37.6232985,-122.0495122,2257,2.822740714,1.197559625,3
16338,37.62320668,-122.0381816,2124,2.116932203,1.218832369,2
16442,37.63504399,-122.4913765,1203,2.349219826,1.453191496,3
16444,37.63494409,-122.4687095,1704,2.612641503,1.228816728,3
16445,37.63489251,-122.4573761,2612,2.148398415,1.316128244,2
16446,37.63483985,-122.4460427,2409,3.094414849,1.052110649,4
16447,37.63478609,-122.4347094,1484,4.664828633,1.259314024,4
16448,37.63473124,-122.4233761,2368,2.884219908,1.481975533,3
16449,37.63467531,-122.4120428,3580,2.62122453,1.266628869,3
16450,37.63461829,-122.4007095,1492,4.833676571,2.380703421,4
16451,37.63456018,-122.3893763,1066,2.823847103,1.081322276,3
16475,37.63283898,-122.11739,2213,3.338860982,1.443129534,4
16476,37.63275366,-122.1060578,3484,2.76630149,1.56951628,3
16477,37.63266725,-122.0947256,4304,2.015041098,1.476180635,2
16478,37.63257975,-122.0833935,3860,3.296059041,1.656559949,4
16479,37.63249116,-122.0720614,4780,1.784504683,1.102906871,1
16480,37.63240149,-122.0607294,3701,2.311454368,1.150700466,2
16481,37.63231073,-122.0493974,1976,2.632104202,1.711032172,3
16586,37.64405709,-122.491315,1229,2.620736927,1.221845222,3
16587,37.64400767,-122.4799802,1245,3.067228041,1.056238902,4
16588,37.64395716,-122.4686454,2647,3.34058226,1.16822762,4
16589,37.64390556,-122.4573106,3920,2.030069962,1.301452706,2
16590,37.64385288,-122.4459758,1985,5.130002436,2.025396345,4
16591,37.6437991,-122.4346411,1995,2.179423862,1.099641022,2
16592,37.64374424,-122.4233064,2825,2.227989129,1.275456501,2
16593,37.64368829,-122.4119717,2250,2.450004001,1.198230505,3
16594,37.64363125,-122.4006371,1090,2.707003864,1.28031195,3
16618,37.64193562,-122.128617,1412,2.659100107,1.007352733,3
16619,37.64185136,-122.1172834,2314,1.817155852,1.187127242,1
16620,37.64176601,-122.1059498,3310,2.210927207,1.324774399,2
16621,37.64167957,-122.0946163,2725,4.441645426,1.293917995,4
16622,37.64159205,-122.0832828,3905,2.2905624,1.107091149,2
16623,37.64150343,-122.0719493,4644,3.718913736,1.033563666,4
16624,37.64141373,-122.0606159,3179,3.490960379,1.743674726,4
16730,37.65307017,-122.4912535,1505,2.307746032,1.083933489,2
16731,37.65302073,-122.4799173,2621,1.976163404,1.025770653,2
16732,37.65297021,-122.4685811,3844,3.197632418,1.297556143,4
16733,37.6529186,-122.457245,3817,4.730015119,1.450675527,4
16734,37.65286589,-122.4459089,2551,2.122274793,1.156524514,2
16735,37.6528121,-122.4345728,2674,2.932649436,1.923288422,3
16736,37.65275722,-122.4232367,4215,1.907009302,1.151850057,1
16737,37.65270125,-122.4119007,4284,2.909015588,1.552801657,3
16738,37.65264419,-122.4005647,1324,2.461851645,1.337500744,3
16739,37.65258604,-122.3892287,3420,1.669565147,1.14167357,1
16762,37.65094802,-122.1285117,1707,3.123866962,1.072248251,4
16763,37.65086373,-122.1171767,1457,1.72497328,1.270832277,1
16764,37.65077835,-122.1058418,2398,2.107002995,1.405726812,2
16765,37.65069189,-122.0945068,3417,3.723029952,1.278235434,4
16766,37.65060434,-122.083172,3979,2.731827938,1.300078149,3
16767,37.65051569,-122.0718372,3638,2.316307094,1.222986448,2
16768,37.65042596,-122.0605024,1855,4.8200524,3.395273128,4
16874,37.66208324,-122.491192,1515,1.667820835,1.061821918,1
16875,37.66203379,-122.4798544,3269,3.265166705,1.501721892,4
16876,37.66198325,-122.4685169,4089,2.274241546,1.435983354,2
16877,37.66193162,-122.4571794,3378,3.084992633,1.453565361,4
16878,37.6618789,-122.4458419,2931,3.693182313,1.429814662,4
16879,37.66182509,-122.4345044,5035,2.183623576,1.205519121,2
16880,37.66177019,-122.423167,3394,2.247205814,1.200238713,2
16881,37.6617142,-122.4118296,3881,1.775841175,1.144486954,1
16882,37.66165712,-122.4004922,3563,4.235721973,1.601558816,4
16883,37.66159896,-122.3891549,2016,2.147918668,1.149476974,2
17018,37.67109629,-122.4911305,1206,4.80618663,1.087399655,4
17019,37.67104683,-122.4797915,4045,3.982243548,1.806709286,4
17020,37.67099627,-122.4684526,2455,4.454447811,2.004337643,4
17021,37.67094462,-122.4571137,2114,2.455269653,1.392364015,3
17023,37.67083806,-122.434436,1500,2.106280379,2.698045679,2
17024,37.67078314,-122.4230972,1320,2.360011288,1.109984973,3
17025,37.67072714,-122.4117584,1470,2.675776157,1.163951306,3
17162,37.68010933,-122.4910689,2317,2.116175519,1.249425138,2
17163,37.68005985,-122.4797286,4741,1.753861158,1.027956421,1
17164,37.68000928,-122.4683883,2945,2.724501289,1.590784869,3
17170,37.67968295,-122.4003472,1477,2.049007042,1.109966085,2
17306,37.68912236,-122.4910073,3122,1.834864075,1.331117668,1
17307,37.68907286,-122.4796656,4113,2.131514318,1.009749865,2
17308,37.68902227,-122.468324,4139,2.734262005,1.459472114,3
17309,37.68897059,-122.4569823,4594,2.19595952,1.048357152,2
17310,37.68891782,-122.4456407,1117,2.140882689,1.002460517,2
17313,37.68875297,-122.4116161,1411,3.120314563,1.011324342,4
17314,37.68869583,-122.4002746,1261,2.547210541,1.821284107,3
17450,37.69813538,-122.4909457,2678,2.156682788,1.140330559,2
17451,37.69808586,-122.4796027,4390,2.810431417,1.74829328,3
17452,37.69803526,-122.4682596,5038,2.779500315,1.439051971,3
17453,37.69798356,-122.4569166,5479,2.936491722,1.085715202,3
17457,37.69776586,-122.4115449,1021,4.049175395,1.419419857,4
17594,37.70714838,-122.4908841,1287,2.923455865,1.592043274,3
17595,37.70709884,-122.4795396,2584,2.994796951,1.288957226,3
17596,37.70704822,-122.4681952,4699,2.888518558,1.712582204,3
17597,37.70699651,-122.4568509,6804,2.389716518,1.370349949,3
17598,37.70694371,-122.4455065,5379,2.135473876,1.074862712,2
17599,37.70688981,-122.4341622,3175,2.180643054,1.05747777,2
17600,37.70683482,-122.4228179,2518,2.457484848,1.204489615,3
17601,37.70677874,-122.4114736,3979,2.042053961,1.354406304,2
17602,37.70672157,-122.4001294,1398,3.591340656,2.117493858,4
17739,37.71611181,-122.4794766,6206,2.965451371,1.397107634,3
17740,37.71606118,-122.4681308,5525,1.994438929,1.414807204,2
17741,37.71600945,-122.4567851,6852,1.84620217,1.176022002,1
17742,37.71595662,-122.4454393,8477,2.131441871,1.332808101,2
17743,37.71590271,-122.4340936,8163,1.420748465,1.109921383,1
17744,37.71584771,-122.422748,4231,2.395612778,1.18230263,3
17745,37.71579161,-122.4114023,5672,2.005504341,1.15514211,2
17746,37.71573442,-122.4000567,5630,7.58661974,1.73609196,4
17747,37.71567614,-122.3887112,2334,2.312245832,1.037325701,2
17882,37.72517433,-122.4907607,1044,3.492385373,1.651628444,4
17883,37.72512477,-122.4794135,12238,3.37852891,1.777386114,4
17884,37.72507412,-122.4680664,4936,1.763936823,1.13397073,1
17885,37.72502237,-122.4567192,6907,1.704237602,1.139093546,1
17886,37.72496953,-122.4453721,7417,2.921756867,1.930905745,3
17887,37.7249156,-122.4340251,8596,1.455937193,1.085580884,1
17888,37.72486058,-122.422678,5656,1.889568453,1.013709449,1
17889,37.72480446,-122.411331,3598,1.516586834,1.103787685,1
17890,37.72474725,-122.399984,7154,2.36527716,1.279282973,3
17891,37.72468896,-122.3886371,4915,1.383709771,1.018719055,1
17892,37.72462956,-122.3772902,2001,4.08125304,1.087617412,4
18025,37.73423578,-122.5020476,2012,3.021229152,1.711485835,4
18026,37.73418729,-122.490699,3049,1.728219098,1.331489909,1
18027,37.73413771,-122.4793504,4510,2.584551381,1.747495552,3
18028,37.73408704,-122.4680019,4558,1.821227194,1.300362315,1
18029,37.73403528,-122.4566534,4813,1.916133027,1.068640851,2
18030,37.73398242,-122.4453049,5180,2.398826785,1.456374094,3
18031,37.73392847,-122.4339565,5825,3.817739939,1.471774193,4
18032,37.73387343,-122.422608,6943,2.197244877,1.228621995,2
18033,37.7338173,-122.4112597,6420,3.338978385,1.338421557,4
18034,37.73376007,-122.3999113,6473,2.407590529,1.103404813,3
18035,37.73370176,-122.388563,5967,1.611729276,1.160770272,1
18036,37.73364235,-122.3772147,3691,2.221350919,1.194191778,2
18169,37.74324874,-122.5019872,4515,1.364523397,1.021914717,1
18170,37.74320024,-122.4906372,5332,1.346707391,1.040576187,1
18171,37.74315064,-122.4792873,5482,1.545394118,1.118609728,1
18172,37.74309995,-122.4679374,5246,1.760878014,1.117623861,1
18173,37.74304817,-122.4565875,4130,1.960159611,1.351104345,2
18174,37.7429953,-122.4452377,3535,3.47736436,1.784240686,4
18175,37.74294133,-122.4338878,4881,1.998761858,1.239816861,2
18176,37.74288628,-122.422538,8231,1.696881093,1.235524132,1
18177,37.74283012,-122.4111883,7866,1.984784413,1.142304431,2
18178,37.74277288,-122.3998385,4225,1.959111205,1.245275969,2
18179,37.74271454,-122.3884888,4885,1.787569232,1.200600608,1
18180,37.74265511,-122.3771392,1919,1.627723203,1.322635195,1
18313,37.75226168,-122.5019268,5538,1.496336936,1.016114575,1
18314,37.75221317,-122.4905755,5814,1.372924659,1.038889856,1
18315,37.75216355,-122.4792241,6815,1.366512957,1.085427506,1
18316,37.75211285,-122.4678729,4573,2.083584648,1.259344931,2
18317,37.75206105,-122.4565216,3353,2.911474756,1.191442047,3
18318,37.75200816,-122.4451704,3882,3.516462485,1.092065979,4
18319,37.75195418,-122.4338192,6506,1.441433105,1.025957023,1
18320,37.7518991,-122.422468,10392,1.520212566,1.297605232,1
18321,37.75184294,-122.4111169,11449,1.462855614,1.182196235,1
18322,37.75178567,-122.3997658,5332,2.023506615,1.15401694,2
18323,37.75172732,-122.3884147,3644,1.732152769,1.200404707,1
18457,37.76127461,-122.5018664,5247,1.447452003,1.032868092,1
18458,37.76122608,-122.4905137,5237,1.462509588,1.116823418,1
18459,37.76117646,-122.479161,7034,1.428481671,1.179931248,1
18460,37.76112574,-122.4678083,7455,1.539694348,1.11763063,1
18461,37.76107392,-122.4564557,8611,2.772301476,1.110985682,3
18462,37.76102101,-122.4451031,6031,2.440983793,1.202669749,3
18463,37.76096701,-122.4337505,8234,1.586088851,1.115210839,1
18464,37.76091192,-122.4223979,12492,1.557573912,1.365710573,1
18465,37.76085573,-122.4110454,11247,1.729539779,1.076743955,1
18466,37.76079845,-122.3996929,6519,1.917680222,1.241896341,2
18467,37.76074008,-122.3883405,3917,1.977407479,1.440589813,2
18601,37.77028753,-122.5018059,3192,1.74759349,1.062614328,1
18602,37.77023898,-122.4904518,3032,3.061004359,1.067165331,4
18603,37.77018934,-122.4790977,3573,3.730055144,1.750824135,4
18604,37.77013861,-122.4677437,3939,2.766672461,1.536509193,3
18605,37.77008677,-122.4563897,6569,2.476274361,1.415167672,3
18606,37.77003385,-122.4450357,10441,1.619170828,1.167281637,1
18607,37.76997983,-122.4336818,9396,1.414550621,1.1720415,1
18608,37.76992472,-122.4223278,13481,2.493020161,1.720593132,3
18609,37.76986852,-122.4109739,10510,2.571434444,1.472433668,3
18610,37.76981122,-122.3996201,6771,3.232871677,1.34087145,4
18611,37.76975282,-122.3882662,3359,1.796171143,1.397675436,1
18745,37.77930044,-122.5017454,4901,1.642913008,1.066145114,1
18746,37.77925187,-122.49039,7515,1.362391371,1.06737544,1
18747,37.77920221,-122.4790345,8053,1.426138919,1.082419103,1
18748,37.77915146,-122.4676791,7977,1.464762918,1.097429444,1
18749,37.77909961,-122.4563237,10447,1.457897548,1.168841645,1
18750,37.77904667,-122.4449683,12593,1.705932372,1.196922268,1
18751,37.77899264,-122.433613,11276,1.485720772,1.199606736,1
18752,37.77893751,-122.4222577,17113,1.804346104,1.31499879,1
18753,37.77888128,-122.4109024,22160,2.366563294,1.699644646,3
18754,37.77882397,-122.3995472,14578,2.457033405,1.847919318,3
18755,37.77876555,-122.388192,8659,2.127602742,1.559579866,2
18890,37.78826475,-122.4903281,2767,1.728264384,1.187502995,1
18891,37.78821507,-122.4789712,4614,3.160337455,1.121098234,4
18892,37.7881643,-122.4676144,4801,2.903832202,1.452988418,3
18893,37.78811244,-122.4562577,8359,2.111713495,1.043500291,2
18894,37.78805948,-122.4449009,9782,1.429582012,1.209649091,1
18895,37.78800543,-122.4335442,12211,1.485493399,1.261423258,1
18896,37.78795028,-122.4221875,18828,1.839011052,1.437287359,1
18897,37.78789404,-122.4108309,37762,2.203648672,1.572446532,2
18898,37.7878367,-122.3994743,47363,2.316031918,1.809605723,2
18899,37.78777827,-122.3881177,23258,1.640521046,1.459693067,1
19037,37.79712525,-122.4561916,1178,2.279111315,1.259895374,2
19038,37.79707228,-122.4448335,3928,1.781169043,1.120925153,1
19039,37.79701821,-122.4334754,10477,1.380073093,1.092196945,1
19040,37.79696304,-122.4221173,14963,1.52248651,1.21189107,1
19041,37.79690678,-122.4107593,21237,1.598181886,1.24473691,1
19042,37.79684942,-122.3994013,37985,1.905525764,1.548912478,1
19182,37.80608506,-122.444766,3409,1.834615347,1.401860091,1
19183,37.80603097,-122.4334066,6342,2.556099651,1.16022834,3
19184,37.80597579,-122.4220471,8191,1.723413551,1.148202636,1
19185,37.80591951,-122.4106877,14050,1.524800727,1.444572207,1