lat,lon,population
37.8125,-122.4291667,21
37.8125,-122.4208333,76
37.8125,-122.4125,221
37.8125,-122.4041667,2
37.80416667,-122.4791667,116
37.80416667,-122.4708333,520
37.80416667,-122.4625,205
37.80416667,-122.4541667,848
37.80416667,-122.4458333,3122
37.80416667,-122.4375,5134
37.80416667,-122.4291667,3618
37.80416667,-122.4208333,8331
37.80416667,-122.4125,11287
37.80416667,-122.4041667,7432
37.80416667,-122.3958333,160
37.79583333,-122.4791667,609
37.79583333,-122.4708333,244
37.79583333,-122.4625,224
37.79583333,-122.4541667,835
37.79583333,-122.4458333,3002
37.79583333,-122.4375,6830
37.79583333,-122.4291667,7985
37.79583333,-122.4208333,12063
37.79583333,-122.4125,13303
37.79583333,-122.4041667,27943
37.79583333,-122.3958333,20724
37.79583333,-122.3875,12
37.79583333,-122.3791667,2
37.7875,-122.5125,4
37.7875,-122.5041667,70
37.7875,-122.4958333,488
37.7875,-122.4875,2319
37.7875,-122.4791667,2817
37.7875,-122.4708333,2480
37.7875,-122.4625,3952
37.7875,-122.4541667,6919
37.7875,-122.4458333,6212
37.7875,-122.4375,8012
37.7875,-122.4291667,9604
37.7875,-122.4208333,16048
37.7875,-122.4125,29759
37.7875,-122.4041667,36331
37.7875,-122.3958333,34233
37.7875,-122.3875,4864
37.77916667,-122.5125,500
37.77916667,-122.5041667,3781
37.77916667,-122.4958333,5487
37.77916667,-122.4875,6788
37.77916667,-122.4791667,6414
37.77916667,-122.4708333,5622
37.77916667,-122.4625,9503
37.77916667,-122.4541667,6695
37.77916667,-122.4458333,9547
37.77916667,-122.4375,7623
37.77916667,-122.4291667,9095
37.77916667,-122.4208333,15280
37.77916667,-122.4125,18138
37.77916667,-122.4041667,11435
37.77916667,-122.3958333,11088
37.77916667,-122.3875,3821
37.77083333,-122.5125,897
37.77083333,-122.5041667,1897
37.77083333,-122.4958333,1528
37.77083333,-122.4875,1681
37.77083333,-122.4791667,1453
37.77083333,-122.4708333,1447
37.77083333,-122.4625,1063
37.77083333,-122.4541667,5581
37.77083333,-122.4458333,8856
37.77083333,-122.4375,6074
37.77083333,-122.4291667,8188
37.77083333,-122.4208333,10262
37.77083333,-122.4125,6550
37.77083333,-122.4041667,5806
37.77083333,-122.3958333,2362
37.77083333,-122.3875,1919
37.77083333,-122.3791667,1
37.7625,-122.5125,642
37.7625,-122.5041667,3820
37.7625,-122.4958333,3096
37.7625,-122.4875,3795
37.7625,-122.4791667,5481
37.7625,-122.4708333,5533
37.7625,-122.4625,9178
37.7625,-122.4541667,6642
37.7625,-122.4458333,4302
37.7625,-122.4375,5579
37.7625,-122.4291667,6943
37.7625,-122.4208333,11161
37.7625,-122.4125,5984
37.7625,-122.4041667,4703
37.7625,-122.3958333,3858
37.7625,-122.3875,2094
37.7625,-122.3791667,23
37.75416667,-122.5125,207
37.75416667,-122.5041667,4475
37.75416667,-122.4958333,3886
37.75416667,-122.4875,4094
37.75416667,-122.4791667,4766
37.75416667,-122.4708333,2850
37.75416667,-122.4625,2098
37.75416667,-122.4541667,1747
37.75416667,-122.4458333,2941
37.75416667,-122.4375,5046
37.75416667,-122.4291667,5198
37.75416667,-122.4208333,9398
37.75416667,-122.4125,9300
37.75416667,-122.4041667,5191
37.75416667,-122.3958333,3136
37.75416667,-122.3875,1842
37.75416667,-122.3791667,49
37.74583333,-122.5125,8
37.74583333,-122.5041667,3894
37.74583333,-122.4958333,3911
37.74583333,-122.4875,4145
37.74583333,-122.4791667,5155
37.74583333,-122.4708333,3930
37.74583333,-122.4625,2486
37.74583333,-122.4541667,3217
37.74583333,-122.4458333,2515
37.74583333,-122.4375,2960
37.74583333,-122.4291667,5258
37.74583333,-122.4208333,8035
37.74583333,-122.4125,5745
37.74583333,-122.4041667,2578
37.74583333,-122.3958333,1961
37.74583333,-122.3875,3173
37.74583333,-122.3791667,218
37.74583333,-122.3708333,0
37.7375,-122.5125,1
37.7375,-122.5041667,2729
37.7375,-122.4958333,3571
37.7375,-122.4875,2893
37.7375,-122.4791667,2454
37.7375,-122.4708333,3569
37.7375,-122.4625,3600
37.7375,-122.4541667,1999
37.7375,-122.4458333,2175
37.7375,-122.4375,2752
37.7375,-122.4291667,4098
37.7375,-122.4208333,4831
37.7375,-122.4125,4748
37.7375,-122.4041667,3126
37.7375,-122.3958333,4182
37.7375,-122.3875,4047
37.7375,-122.3791667,1827
37.7375,-122.3708333,95
37.72916667,-122.5041667,317
37.72916667,-122.4958333,779
37.72916667,-122.4875,1576
37.72916667,-122.4791667,4363
37.72916667,-122.4708333,2543
37.72916667,-122.4625,3366
37.72916667,-122.4541667,4040
37.72916667,-122.4458333,4959
37.72916667,-122.4375,4505
37.72916667,-122.4291667,5332
37.72916667,-122.4208333,4693
37.72916667,-122.4125,3920
37.72916667,-122.4041667,5829
37.72916667,-122.3958333,3981
37.72916667,-122.3875,4168
37.72916667,-122.3791667,3004
37.72916667,-122.3708333,664
37.72916667,-122.3625,33
37.72916667,-122.3541667,5
37.72083333,-122.5041667,31
37.72083333,-122.4958333,97
37.72083333,-122.4875,954
37.72083333,-122.4791667,16001
37.72083333,-122.4708333,2792
37.72083333,-122.4625,4505
37.72083333,-122.4541667,6338
37.72083333,-122.4458333,4953
37.72083333,-122.4375,6892
37.72083333,-122.4291667,5870
37.72083333,-122.4208333,814
37.72083333,-122.4125,1335
37.72083333,-122.4041667,5076
37.72083333,-122.3958333,3886
37.72083333,-122.3875,2235
37.72083333,-122.3791667,44
37.72083333,-122.3708333,69
37.72083333,-122.3625,36
37.7125,-122.5041667,23
37.7125,-122.4958333,759
37.7125,-122.4875,273
37.7125,-122.4791667,1397
37.7125,-122.4708333,3808
37.7125,-122.4625,4315
37.7125,-122.4541667,4485
37.7125,-122.4458333,6587
37.7125,-122.4375,6118
37.7125,-122.4291667,2463
37.7125,-122.4208333,3045
37.7125,-122.4125,5615
37.7125,-122.4041667,4239
37.7125,-122.3958333,1847
37.7125,-122.3875,382
37.7125,-122.3791667,39
37.7125,-122.3708333,0
37.7125,-122.3625,8
37.70416667,-122.4958333,489
37.70416667,-122.4875,1646
37.70416667,-122.4791667,2158
37.70416667,-122.4708333,2499
37.70416667,-122.4625,5046
37.70416667,-122.4541667,4442
37.70416667,-122.4458333,2436
37.70416667,-122.4375,1339
37.70416667,-122.4291667,977
37.70416667,-122.4208333,1777
37.70416667,-122.4125,2208
37.70416667,-122.4041667,201
37.70416667,-122.3958333,73
37.69583333,-122.4958333,1054
37.69583333,-122.4875,3272
37.69583333,-122.4791667,3197
37.69583333,-122.4708333,2965
37.69583333,-122.4625,5572
37.69583333,-122.4541667,1373
37.69583333,-122.4458333,5
37.69583333,-122.4375,7
37.69583333,-122.4291667,8
37.69583333,-122.4208333,557
37.69583333,-122.4125,411
37.69583333,-122.4041667,220
37.69583333,-122.3958333,24
37.69583333,-122.3875,3
37.6875,-122.4958333,1143
37.6875,-122.4875,3490
37.6875,-122.4791667,2465
37.6875,-122.4708333,2399
37.6875,-122.4625,4055
37.6875,-122.4541667,2082
37.6875,-122.4458333,372
37.6875,-122.4375,4
37.6875,-122.4291667,1
37.6875,-122.4208333,377
37.6875,-122.4125,1193
37.6875,-122.4041667,1316
37.6875,-122.3958333,131
37.6875,-122.3875,9
37.67916667,-122.4958333,380
37.67916667,-122.4875,3217
37.67916667,-122.4791667,3318
37.67916667,-122.4708333,2421
37.67916667,-122.4625,391
37.67916667,-122.4541667,97
37.67916667,-122.4458333,22
37.67916667,-122.4375,6
37.67916667,-122.4291667,1
37.67916667,-122.4208333,3
37.67916667,-122.4125,4
37.67916667,-122.4041667,1168
37.67916667,-122.3958333,819
37.67916667,-122.3875,31
37.67916667,-122.3791667,4
37.67083333,-122.4958333,17
37.67083333,-122.4875,1838
37.67083333,-122.4791667,3278
37.67083333,-122.4708333,1471
37.67083333,-122.4625,1449
37.67083333,-122.4541667,1240
37.67083333,-122.4458333,211
37.67083333,-122.4375,792
37.67083333,-122.4291667,405
37.67083333,-122.4208333,1062
37.67083333,-122.4125,816
37.67083333,-122.4041667,22
37.67083333,-122.3958333,31
37.67083333,-122.3875,1748
37.67083333,-122.3791667,13
37.6625,-122.4958333,161
37.6625,-122.4875,2149
37.6625,-122.4791667,2341
37.6625,-122.4708333,3006
37.6625,-122.4625,2259
37.6625,-122.4541667,2305
37.6625,-122.4458333,1920
37.6625,-122.4375,4045
37.6625,-122.4291667,3070
37.6625,-122.4208333,1334
37.6625,-122.4125,2763
37.6625,-122.4041667,3224
37.6625,-122.3958333,1748
37.6625,-122.3875,503
37.6625,-122.3791667,113
37.6625,-122.3708333,0
37.6625,-122.1625,6
37.6625,-122.1541667,49
37.6625,-122.1458333,97
37.6625,-122.1375,1034
37.65416667,-122.4958333,624
37.65416667,-122.4875,1800
37.65416667,-122.4791667,2188
37.65416667,-122.4708333,2681
37.65416667,-122.4625,3196
37.65416667,-122.4541667,1721
37.65416667,-122.4458333,2017
37.65416667,-122.4375,1718
37.65416667,-122.4291667,2600
37.65416667,-122.4208333,3607
37.65416667,-122.4125,3611
37.65416667,-122.4041667,900
37.65416667,-122.3958333,1253
37.65416667,-122.3875,4271
37.65416667,-122.3791667,146
37.65416667,-122.1541667,26
37.65416667,-122.1458333,87
37.65416667,-122.1375,847
37.65416667,-122.1291667,1311
37.65416667,-122.1208333,724
37.65416667,-122.1125,1123
37.65416667,-122.1041667,1993
37.65416667,-122.0958333,2778
37.65416667,-122.0875,2759
37.65416667,-122.0791667,2683
37.65416667,-122.0708333,2085
37.65416667,-122.0625,849
37.64583333,-122.4958333,331
37.64583333,-122.4875,1266
37.64583333,-122.4791667,866
37.64583333,-122.4708333,1996
37.64583333,-122.4625,3334
37.64583333,-122.4541667,2668
37.64583333,-122.4458333,668
37.64583333,-122.4375,870
37.64583333,-122.4291667,3173
37.64583333,-122.4208333,1288
37.64583333,-122.4125,1433
37.64583333,-122.4041667,484
37.64583333,-122.3958333,857
37.64583333,-122.3875,92
37.64583333,-122.3791667,18
37.64583333,-122.1541667,15
37.64583333,-122.1458333,116
37.64583333,-122.1375,1061
37.64583333,-122.1291667,1221
37.64583333,-122.1208333,1473
37.64583333,-122.1125,1602
37.64583333,-122.1041667,2325
37.64583333,-122.0958333,1402
37.64583333,-122.0875,2411
37.64583333,-122.0791667,3513
37.64583333,-122.0708333,2346
37.64583333,-122.0625,1933
37.64583333,-122.0541667,251
37.64583333,-122.0458333,37
37.64583333,-122.0375,456
37.64583333,-122.0291667,201
37.64583333,-122.0208333,83
37.64583333,-122.0125,5
37.64583333,-122.0041667,0
37.64583333,-121.9958333,0
37.6375,-122.4958333,810
37.6375,-122.4875,1423
37.6375,-122.4791667,195
37.6375,-122.4708333,710
37.6375,-122.4625,1782
37.6375,-122.4541667,2239
37.6375,-122.4458333,1568
37.6375,-122.4375,1106
37.6375,-122.4291667,1191
37.6375,-122.4208333,1647
37.6375,-122.4125,2149
37.6375,-122.4041667,369
37.6375,-122.3958333,2571
37.6375,-122.3875,91
37.6375,-122.3791667,2
37.6375,-122.1458333,23
37.6375,-122.1375,332
37.6375,-122.1291667,626
37.6375,-122.1208333,1486
37.6375,-122.1125,3026
37.6375,-122.1041667,2872
37.6375,-122.0958333,2171
37.6375,-122.0875,2264
37.6375,-122.0791667,3585
37.6375,-122.0708333,4016
37.6375,-122.0625,2467
37.6375,-122.0541667,1449
37.6375,-122.0458333,181
37.6375,-122.0375,8
37.6375,-122.0291667,11
37.6375,-122.0208333,5
37.6375,-122.0125,1
37.6375,-122.0041667,0
37.6375,-121.9958333,0
37.6375,-121.9875,0
37.6375,-121.9791667,2
37.6375,-121.9708333,0
37.62916667,-122.4875,1009
37.62916667,-122.4791667,274
37.62916667,-122.4708333,1550
37.62916667,-122.4625,1847
37.62916667,-122.4541667,1054
37.62916667,-122.4458333,1687
37.62916667,-122.4375,622
37.62916667,-122.4291667,1466
37.62916667,-122.4208333,2340
37.62916667,-122.4125,3642
37.62916667,-122.4041667,1327
37.62916667,-122.3958333,182
37.62916667,-122.3875,20
37.62916667,-122.3791667,16
37.62916667,-122.3708333,3
37.62916667,-122.1458333,26
37.62916667,-122.1375,42
37.62916667,-122.1291667,344
37.62916667,-122.1208333,1189
37.62916667,-122.1125,894
37.62916667,-122.1041667,2176
37.62916667,-122.0958333,4505
37.62916667,-122.0875,2750
37.62916667,-122.0791667,2540
37.62916667,-122.0708333,2364
37.62916667,-122.0625,2246
37.62916667,-122.0541667,1797
37.62916667,-122.0458333,1936
37.62916667,-122.0375,778
37.62916667,-122.0291667,94
37.62916667,-122.0208333,0
37.62916667,-122.0125,1
37.62916667,-122.0041667,0
37.62916667,-121.9958333,0
37.62916667,-121.9875,0
37.62916667,-121.9791667,0
37.62916667,-121.9708333,0
37.62916667,-121.9625,3
37.62083333,-122.4791667,122
37.62083333,-122.4708333,1
37.62083333,-122.4625,8
37.62083333,-122.4541667,771
37.62083333,-122.4458333,1123
37.62083333,-122.4375,1148
37.62083333,-122.4291667,2567
37.62083333,-122.4208333,1906
37.62083333,-122.4125,3358
37.62083333,-122.4041667,1589
37.62083333,-122.3958333,246
37.62083333,-122.3875,623
37.62083333,-122.3791667,34
37.62083333,-122.3708333,19
37.62083333,-122.1541667,23
37.62083333,-122.1458333,40
37.62083333,-122.1375,57
37.62083333,-122.1291667,236
37.62083333,-122.1208333,429
37.62083333,-122.1125,741
37.62083333,-122.1041667,979
37.62083333,-122.0958333,1460
37.62083333,-122.0875,2776
37.62083333,-122.0791667,1609
37.62083333,-122.0708333,1546
37.62083333,-122.0625,1133
37.62083333,-122.0541667,1235
37.62083333,-122.0458333,1142
37.62083333,-122.0375,2079
37.62083333,-122.0291667,412
37.62083333,-122.0208333,5
37.62083333,-122.0125,0
37.62083333,-122.0041667,0
37.62083333,-121.9958333,0
37.62083333,-121.9875,0
37.62083333,-121.9791667,0
37.62083333,-121.9708333,0
37.62083333,-121.9625,0
37.62083333,-121.9541667,0
37.6125,-122.4708333,229
37.6125,-122.4625,2
37.6125,-122.4541667,38
37.6125,-122.4458333,6
37.6125,-122.4375,607
37.6125,-122.4291667,822
37.6125,-122.4208333,715
37.6125,-122.4125,1718
37.6125,-122.4041667,3405
37.6125,-122.3958333,890
37.6125,-122.3875,630
37.6125,-122.3791667,31
37.6125,-122.3625,8
37.6125,-122.1791667,10
37.6125,-122.1625,11
37.6125,-122.1541667,4
37.6125,-122.1458333,2
37.6125,-122.1375,18
37.6125,-122.1291667,7
37.6125,-122.1208333,4
37.6125,-122.1125,12
37.6125,-122.1041667,38
37.6125,-122.0958333,598
37.6125,-122.0875,451
37.6125,-122.0791667,195
37.6125,-122.0708333,421
37.6125,-122.0625,1397
37.6125,-122.0541667,1764
37.6125,-122.0458333,783
37.6125,-122.0375,1645
37.6125,-122.0291667,2072
37.6125,-122.0208333,449
37.6125,-122.0125,6
37.6125,-122.0041667,0
37.6125,-121.9958333,0
37.6125,-121.9875,0
37.6125,-121.9791667,0
37.6125,-121.9708333,0
37.6125,-121.9625,0
37.6125,-121.9541667,0
37.6125,-121.9458333,1
37.60416667,-122.4708333,1
37.60416667,-122.4625,1
37.60416667,-122.4541667,1
37.60416667,-122.4458333,6
37.60416667,-122.4375,5
37.60416667,-122.4291667,571
37.60416667,-122.4208333,1029
37.60416667,-122.4125,638
37.60416667,-122.4041667,2135
37.60416667,-122.3958333,3268
37.60416667,-122.3875,962
37.60416667,-122.3791667,619
37.60416667,-122.3708333,927
37.60416667,-122.1958333,0
37.60416667,-122.1875,0
37.60416667,-122.1458333,24
37.60416667,-122.1375,8
37.60416667,-122.1291667,1
37.60416667,-122.1208333,32
37.60416667,-122.1125,47
37.60416667,-122.1041667,7
37.60416667,-122.0958333,376
37.60416667,-122.0875,439
37.60416667,-122.0791667,1239
37.60416667,-122.0708333,2275
37.60416667,-122.0625,1388
37.60416667,-122.0541667,2176
37.60416667,-122.0458333,1342
37.60416667,-122.0375,578
37.60416667,-122.0291667,1466
37.60416667,-122.0208333,2526
37.60416667,-122.0125,503
37.60416667,-122.0041667,18
37.60416667,-121.9958333,3
37.60416667,-121.9875,1
37.60416667,-121.9791667,0
37.60416667,-121.9708333,0
37.60416667,-121.9625,0
37.60416667,-121.9541667,0
37.60416667,-121.9458333,0
37.59583333,-122.4625,589
37.59583333,-122.4541667,14
37.59583333,-122.4458333,1
37.59583333,-122.4375,0
37.59583333,-122.4291667,0
37.59583333,-122.4208333,264
37.59583333,-122.4125,1049
37.59583333,-122.4041667,1726
37.59583333,-122.3958333,1746
37.59583333,-122.3875,3664
37.59583333,-122.3791667,2284
37.59583333,-122.3708333,2571
37.59583333,-122.3625,1681
37.59583333,-122.3541667,8
37.59583333,-122.3458333,2
37.59583333,-122.3375,0
37.59583333,-122.2291667,19
37.59583333,-122.2208333,15
37.59583333,-122.2125,8
37.59583333,-122.1458333,29
37.59583333,-122.1375,16
37.59583333,-122.1291667,3
37.59583333,-122.1208333,50
37.59583333,-122.1125,51
37.59583333,-122.1041667,26
37.59583333,-122.0958333,12
37.59583333,-122.0875,825
37.59583333,-122.0791667,2969
37.59583333,-122.0708333,1923
37.59583333,-122.0625,1457
37.59583333,-122.0541667,2107
37.59583333,-122.0458333,1405
37.59583333,-122.0375,1342
37.59583333,-122.0291667,3022
37.59583333,-122.0208333,2128
37.59583333,-122.0125,1445
37.59583333,-122.0041667,1497
37.59583333,-121.9958333,148
37.59583333,-121.9875,0
37.59583333,-121.9791667,0
37.59583333,-121.9708333,0
37.59583333,-121.9625,0
37.59583333,-121.9541667,13
37.59583333,-121.9458333,5
37.59583333,-121.9375,1
37.5875,-122.4541667,8
37.5875,-122.4458333,0
37.5875,-122.4375,0
37.5875,-122.4291667,0
37.5875,-122.4208333,0
37.5875,-122.4125,367
37.5875,-122.4041667,1033
37.5875,-122.3958333,994
37.5875,-122.3875,2199
37.5875,-122.3791667,1840
37.5875,-122.3708333,2297
37.5875,-122.3625,2595
37.5875,-122.3541667,1058
37.5875,-122.3458333,2284
37.5875,-122.3375,1596
37.5875,-122.3291667,426
37.5875,-122.3208333,128
37.5875,-122.3125,45
37.5875,-122.2458333,28
37.5875,-122.1458333,29
37.5875,-122.1375,16
37.5875,-122.1291667,0
37.5875,-122.1208333,0
37.5875,-122.1125,5
37.5875,-122.1041667,0
37.5875,-122.0958333,2
37.5875,-122.0875,470
37.5875,-122.0791667,2378
37.5875,-122.0708333,2703
37.5875,-122.0625,2276
37.5875,-122.0541667,2036
37.5875,-122.0458333,2245
37.5875,-122.0375,1575
37.5875,-122.0291667,2295
37.5875,-122.0208333,4110
37.5875,-122.0125,2055
37.5875,-122.0041667,1873
37.5875,-121.9958333,640
37.5875,-121.9875,26
37.5875,-121.9791667,4
37.5875,-121.9708333,0
37.5875,-121.9625,200
37.5875,-121.9541667,17
37.5875,-121.9458333,0
37.5875,-121.9375,0
37.5875,-121.9291667,0
37.57916667,-122.4458333,0
37.57916667,-122.4375,0
37.57916667,-122.4291667,0
37.57916667,-122.4208333,0
37.57916667,-122.4125,4
37.57916667,-122.4041667,415
37.57916667,-122.3958333,822
37.57916667,-122.3875,651
37.57916667,-122.3791667,1220
37.57916667,-122.3708333,1139
37.57916667,-122.3625,1347
37.57916667,-122.3541667,3199
37.57916667,-122.3458333,4310
37.57916667,-122.3375,2914
37.57916667,-122.3291667,4232
37.57916667,-122.3208333,2479
37.57916667,-122.3125,1145
37.57916667,-122.3041667,14
37.57916667,-122.2625,9
37.57916667,-122.2541667,18
37.57916667,-122.1375,0
37.57916667,-122.1291667,0
37.57916667,-122.1208333,0
37.57916667,-122.1125,7
37.57916667,-122.1041667,45
37.57916667,-122.0958333,55
37.57916667,-122.0875,197
37.57916667,-122.0791667,1749
37.57916667,-122.0708333,2010
37.57916667,-122.0625,1970
37.57916667,-122.0541667,1218
37.57916667,-122.0458333,1745
37.57916667,-122.0375,1966
37.57916667,-122.0291667,1766
37.57916667,-122.0208333,1578
37.57916667,-122.0125,814
37.57916667,-122.0041667,314
37.57916667,-121.9958333,1419
37.57916667,-121.9875,1175
37.57916667,-121.9791667,654
37.57916667,-121.9708333,333
37.57916667,-121.9625,845
37.57916667,-121.9541667,0
37.57916667,-121.9458333,0
37.57916667,-121.9375,0
37.57916667,-121.9291667,4
37.57916667,-121.9208333,0
37.57083333,-122.4375,0
37.57083333,-122.4291667,0
37.57083333,-122.4208333,0
37.57083333,-122.4125,0
37.57083333,-122.4041667,14
37.57083333,-122.3958333,426
37.57083333,-122.3875,521
37.57083333,-122.3791667,278
37.57083333,-122.3708333,382
37.57083333,-122.3625,432
37.57083333,-122.3541667,641
37.57083333,-122.3458333,1566
37.57083333,-122.3375,2403
37.57083333,-122.3291667,4233
37.57083333,-122.3208333,4409
37.57083333,-122.3125,2615
37.57083333,-122.3041667,2024
37.57083333,-122.2958333,491
37.57083333,-122.2875,435
37.57083333,-122.2791667,1735
37.57083333,-122.2708333,1577
37.57083333,-122.2625,1591
37.57083333,-122.2541667,690
37.57083333,-122.1375,2
37.57083333,-122.1291667,12
37.57083333,-122.1208333,16
37.57083333,-122.1125,38
37.57083333,-122.1041667,45
37.57083333,-122.0958333,42
37.57083333,-122.0875,27
37.57083333,-122.0791667,939
37.57083333,-122.0708333,2815
37.57083333,-122.0625,795
37.57083333,-122.0541667,2483
37.57083333,-122.0458333,2028
37.57083333,-122.0375,2189
37.57083333,-122.0291667,1634
37.57083333,-122.0208333,1622
37.57083333,-122.0125,1115
37.57083333,-122.0041667,414
37.57083333,-121.9958333,133
37.57083333,-121.9875,414
37.57083333,-121.9791667,624
37.57083333,-121.9708333,1010
37.57083333,-121.9625,1510
37.57083333,-121.9541667,70
37.57083333,-121.9458333,4
37.57083333,-121.9375,6
37.57083333,-121.9291667,10
37.57083333,-121.9208333,3
37.57083333,-121.9125,0
37.5625,-122.4291667,0
37.5625,-122.4208333,0
37.5625,-122.4125,0
37.5625,-122.4041667,0
37.5625,-122.3958333,11
37.5625,-122.3875,183
37.5625,-122.3791667,393
37.5625,-122.3708333,274
37.5625,-122.3625,572
37.5625,-122.3541667,667
37.5625,-122.3458333,703
37.5625,-122.3375,645
37.5625,-122.3291667,3746
37.5625,-122.3208333,4129
37.5625,-122.3125,2517
37.5625,-122.3041667,2342
37.5625,-122.2958333,2168
37.5625,-122.2875,2365
37.5625,-122.2791667,3857
37.5625,-122.2708333,1825
37.5625,-122.2625,2151
37.5625,-122.2541667,1658
37.5625,-122.2458333,747
37.5625,-122.1291667,5
37.5625,-122.1208333,5
37.5625,-122.1125,0
37.5625,-122.1041667,24
37.5625,-122.0958333,11
37.5625,-122.0875,14
37.5625,-122.0791667,75
37.5625,-122.0708333,184
37.5625,-122.0625,953
37.5625,-122.0541667,3483
37.5625,-122.0458333,2366
37.5625,-122.0375,982
37.5625,-122.0291667,2175
37.5625,-122.0208333,3563
37.5625,-122.0125,1424
37.5625,-122.0041667,2474
37.5625,-121.9958333,1276
37.5625,-121.9875,2023
37.5625,-121.9791667,1933
37.5625,-121.9708333,2637
37.5625,-121.9625,1040
37.5625,-121.9541667,1256
37.5625,-121.9458333,89
37.5625,-121.9375,0
37.5625,-121.9291667,13
37.5625,-121.9208333,36
37.5625,-121.9125,7
37.55416667,-122.4208333,0
37.55416667,-122.4125,0
37.55416667,-122.4041667,0
37.55416667,-122.3958333,0
37.55416667,-122.3875,6
37.55416667,-122.3791667,128
37.55416667,-122.3708333,441
37.55416667,-122.3625,254
37.55416667,-122.3541667,376
37.55416667,-122.3458333,401
37.55416667,-122.3375,994
37.55416667,-122.3291667,2096
37.55416667,-122.3208333,2750
37.55416667,-122.3125,3231
37.55416667,-122.3041667,2297
37.55416667,-122.2958333,2038
37.55416667,-122.2875,1665
37.55416667,-122.2791667,3202
37.55416667,-122.2708333,1691
37.55416667,-122.2625,2656
37.55416667,-122.2541667,2331
37.55416667,-122.2458333,209
37.55416667,-122.1291667,0
37.55416667,-122.1208333,0
37.55416667,-122.1125,0
37.55416667,-122.1041667,11
37.55416667,-122.0958333,0
37.55416667,-122.0875,0
37.55416667,-122.0791667,0
37.55416667,-122.0708333,95
37.55416667,-122.0625,975
37.55416667,-122.0541667,704
37.55416667,-122.0458333,1246
37.55416667,-122.0375,1083
37.55416667,-122.0291667,1625
37.55416667,-122.0208333,2438
37.55416667,-122.0125,3538
37.55416667,-122.0041667,3724
37.55416667,-121.9958333,3040
37.55416667,-121.9875,3776
37.55416667,-121.9791667,3686
37.55416667,-121.9708333,3076
37.55416667,-121.9625,772
37.55416667,-121.9541667,825
37.55416667,-121.9458333,1735
37.55416667,-121.9375,416
37.55416667,-121.9291667,3
37.55416667,-121.9208333,60
37.55416667,-121.9125,24
37.55416667,-121.9041667,1
37.54583333,-122.4125,0
37.54583333,-122.4041667,0
37.54583333,-122.3958333,0
37.54583333,-122.3875,0
37.54583333,-122.3791667,3
37.54583333,-122.3708333,352
37.54583333,-122.3625,445
37.54583333,-122.3541667,332
37.54583333,-122.3458333,137
37.54583333,-122.3375,585
37.54583333,-122.3291667,1010
37.54583333,-122.3208333,1978
37.54583333,-122.3125,2524
37.54583333,-122.3041667,2853
37.54583333,-122.2958333,2044
37.54583333,-122.2875,2517
37.54583333,-122.2791667,1874
37.54583333,-122.2708333,2091
37.54583333,-122.2625,1606
37.54583333,-122.2541667,683
37.54583333,-122.2458333,335
37.54583333,-122.2375,1339
37.54583333,-122.2291667,218
37.54583333,-122.2208333,12
37.54583333,-122.1208333,0
37.54583333,-122.1125,0
37.54583333,-122.1041667,0
37.54583333,-122.0958333,0
37.54583333,-122.0875,0
37.54583333,-122.0791667,14
37.54583333,-122.0708333,163
37.54583333,-122.0625,348
37.54583333,-122.0541667,1234
37.54583333,-122.0458333,2294
37.54583333,-122.0375,1617
37.54583333,-122.0291667,2035
37.54583333,-122.0208333,1477
37.54583333,-122.0125,1803
37.54583333,-122.0041667,1592
37.54583333,-121.9958333,1841
37.54583333,-121.9875,2272
37.54583333,-121.9791667,4063
37.54583333,-121.9708333,2542
37.54583333,-121.9625,546
37.54583333,-121.9541667,815
37.54583333,-121.9458333,1319
37.54583333,-121.9375,2751
37.54583333,-121.9291667,443
37.54583333,-121.9208333,48
37.54583333,-121.9125,9
37.54583333,-121.9041667,0
37.54583333,-121.8958333,0
37.5375,-122.4041667,0
37.5375,-122.3958333,0
37.5375,-122.3875,4
37.5375,-122.3791667,0
37.5375,-122.3708333,24
37.5375,-122.3625,271
37.5375,-122.3541667,422
37.5375,-122.3458333,335
37.5375,-122.3375,1258
37.5375,-122.3291667,1619
37.5375,-122.3208333,1298
37.5375,-122.3125,1827
37.5375,-122.3041667,3222
37.5375,-122.2958333,2384
37.5375,-122.2875,2424
37.5375,-122.2791667,1569
37.5375,-122.2708333,1777
37.5375,-122.2625,1385
37.5375,-122.2541667,1053
37.5375,-122.2458333,1444
37.5375,-122.2375,1901
37.5375,-122.2291667,71
37.5375,-122.2208333,96
37.5375,-122.2125,61
37.5375,-122.2041667,36
37.5375,-122.1125,0
37.5375,-122.1041667,0
37.5375,-122.0958333,0
37.5375,-122.0875,0
37.5375,-122.0791667,9
37.5375,-122.0708333,23
37.5375,-122.0625,458
37.5375,-122.0541667,1782
37.5375,-122.0458333,1742
37.5375,-122.0375,2648
37.5375,-122.0291667,2318
37.5375,-122.0208333,1653
37.5375,-122.0125,1300
37.5375,-122.0041667,1386
37.5375,-121.9958333,1833
37.5375,-121.9875,2601
37.5375,-121.9791667,2625
37.5375,-121.9708333,2731
37.5375,-121.9625,2807
37.5375,-121.9541667,1854
37.5375,-121.9458333,2157
37.5375,-121.9375,1208
37.5375,-121.9291667,1099
37.5375,-121.9208333,1397
37.5375,-121.9125,57
37.5375,-121.9041667,0
37.5375,-121.8958333,5
37.5375,-121.8875,0
37.52916667,-122.4041667,0
37.52916667,-122.3958333,0
37.52916667,-122.3875,0
37.52916667,-122.3791667,0
37.52916667,-122.3708333,1
37.52916667,-122.3625,49
37.52916667,-122.3541667,497
37.52916667,-122.3458333,537
37.52916667,-122.3375,747
37.52916667,-122.3291667,1516
37.52916667,-122.3208333,864
37.52916667,-122.3125,2923
37.52916667,-122.3041667,1949
37.52916667,-122.2958333,2722
37.52916667,-122.2875,2496
37.52916667,-122.2791667,2053
37.52916667,-122.2708333,713
37.52916667,-122.2625,8989
37.52916667,-122.2541667,1119
37.52916667,-122.2458333,808
37.52916667,-122.2375,107
37.52916667,-122.2291667,21
37.52916667,-122.2208333,108
37.52916667,-122.2125,80
37.52916667,-122.2041667,59
37.52916667,-122.1125,0
37.52916667,-122.1041667,0
37.52916667,-122.0958333,0
37.52916667,-122.0875,2
37.52916667,-122.0791667,0
37.52916667,-122.0708333,7
37.52916667,-122.0625,51
37.52916667,-122.0541667,888
37.52916667,-122.0458333,2230
37.52916667,-122.0375,2261
37.52916667,-122.0291667,1714
37.52916667,-122.0208333,1264
37.52916667,-122.0125,1673
37.52916667,-122.0041667,1167
37.52916667,-121.9958333,1828
37.52916667,-121.9875,2449
37.52916667,-121.9791667,2090
37.52916667,-121.9708333,1731
37.52916667,-121.9625,2924
37.52916667,-121.9541667,1553
37.52916667,-121.9458333,551
37.52916667,-121.9375,606
37.52916667,-121.9291667,1444
37.52916667,-121.9208333,1912
37.52916667,-121.9125,1720
37.52916667,-121.9041667,1
37.52916667,-121.8958333,6
37.52916667,-121.8875,0
37.52916667,-121.8791667,0
37.52083333,-122.3958333,0
37.52083333,-122.3875,0
37.52083333,-122.3791667,1
37.52083333,-122.3708333,0
37.52083333,-122.3625,2
37.52083333,-122.3541667,398
37.52083333,-122.3458333,648
37.52083333,-122.3375,1020
37.52083333,-122.3291667,818
37.52083333,-122.3208333,242
37.52083333,-122.3125,628
37.52083333,-122.3041667,1400
37.52083333,-122.2958333,1478
37.52083333,-122.2875,1531
37.52083333,-122.2791667,2451
37.52083333,-122.2708333,2684
37.52083333,-122.2625,1337
37.52083333,-122.2541667,2554
37.52083333,-122.2458333,140
37.52083333,-122.2375,23
37.52083333,-122.2291667,39
37.52083333,-122.2208333,70
37.52083333,-122.2125,85
37.52083333,-122.2041667,24
37.52083333,-122.1958333,26
37.52083333,-122.1125,0
37.52083333,-122.1041667,0
37.52083333,-122.0958333,0
37.52083333,-122.0875,0
37.52083333,-122.0791667,6
37.52083333,-122.0708333,8
37.52083333,-122.0625,11
37.52083333,-122.0541667,241
37.52083333,-122.0458333,933
37.52083333,-122.0375,710
37.52083333,-122.0291667,260
37.52083333,-122.0208333,265
37.52083333,-122.0125,990
37.52083333,-122.0041667,2504
37.52083333,-121.9958333,3275
37.52083333,-121.9875,1091
37.52083333,-121.9791667,1918
37.52083333,-121.9708333,2815
37.52083333,-121.9625,2523
37.52083333,-121.9541667,2188
37.52083333,-121.9458333,1019
37.52083333,-121.9375,464
37.52083333,-121.9291667,738
37.52083333,-121.9208333,984
37.52083333,-121.9125,760
37.52083333,-121.9041667,10
37.52083333,-121.8958333,3
37.52083333,-121.8875,5
37.52083333,-121.8791667,0
37.5125,-122.3875,0
37.5125,-122.3791667,3
37.5125,-122.3708333,0
37.5125,-122.3625,0
37.5125,-122.3541667,11
37.5125,-122.3458333,125
37.5125,-122.3375,570
37.5125,-122.3291667,372
37.5125,-122.3208333,866
37.5125,-122.3125,1195
37.5125,-122.3041667,1958
37.5125,-122.2958333,2883
37.5125,-122.2875,1969
37.5125,-122.2791667,877
37.5125,-122.2708333,1602
37.5125,-122.2625,1705
37.5125,-122.2541667,734
37.5125,-122.2458333,48
37.5125,-122.2375,46
37.5125,-122.2291667,83
37.5125,-122.2208333,31
37.5125,-122.2125,47
37.5125,-122.2041667,1392
37.5125,-122.1958333,261
37.5125,-122.1875,1
37.5125,-122.1791667,0
37.5125,-122.1125,2
37.5125,-122.1041667,0
37.5125,-122.0958333,2
37.5125,-122.0875,3
37.5125,-122.0791667,0
37.5125,-122.0708333,0
37.5125,-122.0625,0
37.5125,-122.0541667,30
37.5125,-122.0458333,27
37.5125,-122.0375,5
37.5125,-122.0291667,19
37.5125,-122.0208333,1
37.5125,-122.0125,23
37.5125,-122.0041667,55
37.5125,-121.9958333,772
37.5125,-121.9875,882
37.5125,-121.9791667,1356
37.5125,-121.9708333,1254
37.5125,-121.9625,1890
37.5125,-121.9541667,1453
37.5125,-121.9458333,1450
37.5125,-121.9375,1438
37.5125,-121.9291667,842
37.5125,-121.9208333,1161
37.5125,-121.9125,697
37.5125,-121.9041667,172
37.5125,-121.8958333,0
37.5125,-121.8875,1
37.5125,-121.8791667,0
37.5125,-121.8708333,0
37.50416667,-122.3791667,0
37.50416667,-122.3708333,0
37.50416667,-122.3625,5
37.50416667,-122.3541667,8
37.50416667,-122.3458333,9
37.50416667,-122.3375,28
37.50416667,-122.3291667,15
37.50416667,-122.3208333,288
37.50416667,-122.3125,380
37.50416667,-122.3041667,541
37.50416667,-122.2958333,622
37.50416667,-122.2875,1887
37.50416667,-122.2791667,1234
37.50416667,-122.2708333,1611
37.50416667,-122.2625,3999
37.50416667,-122.2541667,2161
37.50416667,-122.2458333,1397
37.50416667,-122.2375,19
37.50416667,-122.2291667,55
37.50416667,-122.2208333,204
37.50416667,-122.2125,266
37.50416667,-122.2041667,14
37.50416667,-122.1958333,6
37.50416667,-122.1875,12
37.50416667,-122.1791667,2
37.50416667,-122.1708333,0
37.50416667,-122.1458333,0
37.50416667,-122.1375,5
37.50416667,-122.1041667,4
37.50416667,-122.0958333,0
37.50416667,-122.0875,1
37.50416667,-122.0708333,0
37.50416667,-122.0625,3
37.50416667,-122.0541667,0
37.50416667,-122.0458333,0
37.50416667,-122.0375,9
37.50416667,-122.0291667,24
37.50416667,-122.0208333,4
37.50416667,-122.0125,36
37.50416667,-122.0041667,25
37.50416667,-121.9958333,63
37.50416667,-121.9875,194
37.50416667,-121.9791667,738
37.50416667,-121.9708333,209
37.50416667,-121.9625,655
37.50416667,-121.9541667,1005
37.50416667,-121.9458333,272
37.50416667,-121.9375,932
37.50416667,-121.9291667,1255
37.50416667,-121.9208333,1160
37.50416667,-121.9125,675
37.50416667,-121.9041667,69
37.50416667,-121.8958333,0
37.50416667,-121.8875,0
37.50416667,-121.8791667,0
37.50416667,-121.8708333,0
37.50416667,-121.8625,0
37.49583333,-122.3708333,34
37.49583333,-122.3625,4
37.49583333,-122.3541667,3
37.49583333,-122.3458333,11
37.49583333,-122.3375,3
37.49583333,-122.3291667,19
37.49583333,-122.3208333,14
37.49583333,-122.3125,15
37.49583333,-122.3041667,132
37.49583333,-122.2958333,406
37.49583333,-122.2875,328
37.49583333,-122.2791667,1067
37.49583333,-122.2708333,1223
37.49583333,-122.2625,2135
37.49583333,-122.2541667,1986
37.49583333,-122.2458333,2128
37.49583333,-122.2375,1289
37.49583333,-122.2291667,668
37.49583333,-122.2208333,713
37.49583333,-122.2125,352
37.49583333,-122.2041667,40
37.49583333,-122.1958333,19
37.49583333,-122.1875,22
37.49583333,-122.1791667,33
37.49583333,-122.1708333,4
37.49583333,-122.1625,5
37.49583333,-122.1541667,7
37.49583333,-122.1458333,3
37.49583333,-122.1375,36
37.49583333,-122.1291667,21
37.49583333,-122.0541667,0
37.49583333,-122.0458333,0
37.49583333,-122.0375,0
37.49583333,-122.0291667,0
37.49583333,-122.0208333,0
37.49583333,-122.0125,8
37.49583333,-122.0041667,11
37.49583333,-121.9958333,30
37.49583333,-121.9875,63
37.49583333,-121.9791667,817
37.49583333,-121.9708333,26
37.49583333,-121.9625,90
37.49583333,-121.9541667,439
37.49583333,-121.9458333,3207
37.49583333,-121.9375,3300
37.49583333,-121.9291667,1495
37.49583333,-121.9208333,719
37.49583333,-121.9125,756
37.49583333,-121.9041667,98
37.49583333,-121.8958333,0
37.49583333,-121.8875,0
37.49583333,-121.8791667,0
37.49583333,-121.8708333,0
37.49583333,-121.8625,0
37.49583333,-121.8541667,0
37.4875,-122.3625,0
37.4875,-122.3541667,0
37.4875,-122.3458333,0
37.4875,-122.3375,3
37.4875,-122.3291667,6
37.4875,-122.3208333,16
37.4875,-122.3125,7
37.4875,-122.3041667,1
37.4875,-122.2958333,45
37.4875,-122.2875,466
37.4875,-122.2791667,568
37.4875,-122.2708333,780
37.4875,-122.2625,1599
37.4875,-122.2541667,1710
37.4875,-122.2458333,1596
37.4875,-122.2375,3192
37.4875,-122.2291667,4517
37.4875,-122.2208333,5300
37.4875,-122.2125,1070
37.4875,-122.2041667,2435
37.4875,-122.1958333,1632
37.4875,-122.1875,1140
37.4875,-122.1791667,701
37.4875,-122.1708333,255
37.4875,-122.1625,3
37.4875,-122.1541667,14
37.4875,-122.1458333,54
37.4875,-122.1375,14
37.4875,-122.1291667,9
37.4875,-122.0541667,7
37.4875,-122.0458333,0
37.4875,-122.0375,0
37.4875,-122.0291667,1
37.4875,-122.0208333,0
37.4875,-122.0125,4
37.4875,-122.0041667,0
37.4875,-121.9958333,9
37.4875,-121.9875,34
37.4875,-121.9791667,13
37.4875,-121.9708333,3
37.4875,-121.9625,11
37.4875,-121.9541667,358
37.4875,-121.9458333,1381
37.4875,-121.9375,2255
37.4875,-121.9291667,1677
37.4875,-121.9208333,1948
37.4875,-121.9125,272
37.4875,-121.9041667,269
37.4875,-121.8958333,51
37.4875,-121.8875,0
37.4875,-121.8791667,0
37.4875,-121.8708333,0
37.4875,-121.8625,0
37.4875,-121.8541667,0
37.47916667,-122.3541667,0
37.47916667,-122.3458333,0
37.47916667,-122.3375,0
37.47916667,-122.3291667,0
37.47916667,-122.3208333,22
37.47916667,-122.3125,149
37.47916667,-122.3041667,5
37.47916667,-122.2958333,21
37.47916667,-122.2875,438
37.47916667,-122.2791667,708
37.47916667,-122.2708333,334
37.47916667,-122.2625,1052
37.47916667,-122.2541667,1138
37.47916667,-122.2458333,1351
37.47916667,-122.2375,2815
37.47916667,-122.2291667,4097
37.47916667,-122.2208333,2936
37.47916667,-122.2125,3158
37.47916667,-122.2041667,3088
37.47916667,-122.1958333,2441
37.47916667,-122.1875,1914
37.47916667,-122.1791667,913
37.47916667,-122.1708333,1890
37.47916667,-122.1625,1684
37.47916667,-122.1541667,1402
37.47916667,-122.1458333,763
37.47916667,-122.1375,1833
37.47916667,-122.1291667,113
37.47916667,-122.1208333,9
37.47916667,-122.0458333,0
37.47916667,-122.0375,0
37.47916667,-122.0291667,4
37.47916667,-122.0208333,0
37.47916667,-122.0125,0
37.47916667,-122.0041667,0
37.47916667,-121.9958333,1
37.47916667,-121.9875,0
37.47916667,-121.9791667,0
37.47916667,-121.9708333,0
37.47916667,-121.9625,0
37.47916667,-121.9541667,6
37.47916667,-121.9458333,290
37.47916667,-121.9375,1055
37.47916667,-121.9291667,1310
37.47916667,-121.9208333,1906
37.47916667,-121.9125,557
37.47916667,-121.9041667,98
37.47916667,-121.8958333,247
37.47916667,-121.8875,21
37.47916667,-121.8791667,0
37.47916667,-121.8708333,0
37.47916667,-121.8625,0
37.47916667,-121.8541667,0
37.47916667,-121.8458333,0
37.47083333,-122.3458333,0
37.47083333,-122.3375,0
37.47083333,-122.3291667,0
37.47083333,-122.3208333,1
37.47083333,-122.3125,25
37.47083333,-122.3041667,20
37.47083333,-122.2958333,32
37.47083333,-122.2875,153
37.47083333,-122.2791667,111
37.47083333,-122.2708333,651
37.47083333,-122.2625,719
37.47083333,-122.2541667,1011
37.47083333,-122.2458333,1582
37.47083333,-122.2375,1986
37.47083333,-122.2291667,3724
37.47083333,-122.2208333,3088
37.47083333,-122.2125,3257
37.47083333,-122.2041667,3056
37.47083333,-122.1958333,692
37.47083333,-122.1875,510
37.47083333,-122.1791667,374
37.47083333,-122.1708333,710
37.47083333,-122.1625,1638
37.47083333,-122.1541667,2310
37.47083333,-122.1458333,3181
37.47083333,-122.1375,3195
37.47083333,-122.1291667,1287
37.47083333,-122.1208333,9
37.47083333,-122.0458333,7
37.47083333,-122.0375,20
37.47083333,-122.0291667,21
37.47083333,-122.0208333,9
37.47083333,-122.0125,1
37.47083333,-122.0041667,0
37.47083333,-121.9958333,2
37.47083333,-121.9875,0
37.47083333,-121.9791667,0
37.47083333,-121.9708333,0
37.47083333,-121.9625,2
37.47083333,-121.9541667,8
37.47083333,-121.9458333,52
37.47083333,-121.9375,839
37.47083333,-121.9291667,790
37.47083333,-121.9208333,1357
37.47083333,-121.9125,1316
37.47083333,-121.9041667,214
37.47083333,-121.8958333,292
37.47083333,-121.8875,82
37.47083333,-121.8791667,4
37.47083333,-121.8708333,0
37.47083333,-121.8625,0
37.47083333,-121.8541667,0
37.47083333,-121.8458333,0
37.47083333,-121.8375,0
37.4625,-122.3375,1
37.4625,-122.3291667,0
37.4625,-122.3208333,0
37.4625,-122.3125,0
37.4625,-122.3041667,3
37.4625,-122.2958333,50
37.4625,-122.2875,13
37.4625,-122.2791667,124
37.4625,-122.2708333,723
37.4625,-122.2625,830
37.4625,-122.2541667,1472
37.4625,-122.2458333,1417
37.4625,-122.2375,2001
37.4625,-122.2291667,2362
37.4625,-122.2208333,1747
37.4625,-122.2125,333
37.4625,-122.2041667,505
37.4625,-122.1958333,853
37.4625,-122.1875,963
37.4625,-122.1791667,1112
37.4625,-122.1708333,1247
37.4625,-122.1625,1900
37.4625,-122.1541667,2059
37.4625,-122.1458333,3988
37.4625,-122.1375,1588
37.4625,-122.1291667,2506
37.4625,-122.1208333,101
37.4625,-122.1125,15
37.4625,-122.1041667,7
37.4625,-122.0041667,0
37.4625,-121.9958333,4
37.4625,-121.9875,0
37.4625,-121.9791667,3
37.4625,-121.9708333,0
37.4625,-121.9625,1
37.4625,-121.9541667,11
37.4625,-121.9458333,37
37.4625,-121.9375,43
37.4625,-121.9291667,282
37.4625,-121.9208333,1086
37.4625,-121.9125,2349
37.4625,-121.9041667,1366
37.4625,-121.8958333,355
37.4625,-121.8875,23
37.4625,-121.8791667,91
37.4625,-121.8708333,5
37.4625,-121.8625,0
37.4625,-121.8541667,2
37.4625,-121.8458333,2
37.4625,-121.8375,0
37.4625,-121.8291667,0
37.45416667,-122.3375,22
37.45416667,-122.3291667,0
37.45416667,-122.3208333,0
37.45416667,-122.3125,0
37.45416667,-122.3041667,0
37.45416667,-122.2958333,0
37.45416667,-122.2875,15
37.45416667,-122.2791667,136
37.45416667,-122.2708333,327
37.45416667,-122.2625,678
37.45416667,-122.2541667,748
37.45416667,-122.2458333,744
37.45416667,-122.2375,1188
37.45416667,-122.2291667,2035
37.45416667,-122.2208333,1471
37.45416667,-122.2125,242
37.45416667,-122.2041667,204
37.45416667,-122.1958333,399
37.45416667,-122.1875,3324
37.45416667,-122.1791667,7496
37.45416667,-122.1708333,1096
37.45416667,-122.1625,1880
37.45416667,-122.1541667,1524
37.45416667,-122.1458333,1050
37.45416667,-122.1375,2493
37.45416667,-122.1291667,2664
37.45416667,-122.1208333,482
37.45416667,-122.1125,437
37.45416667,-122.1041667,35
37.45416667,-122.0958333,24
37.45416667,-122.0875,4
37.45416667,-122.0375,2
37.45416667,-122.0291667,0
37.45416667,-122.0208333,0
37.45416667,-122.0125,0
37.45416667,-122.0041667,0
37.45416667,-121.9958333,0
37.45416667,-121.9875,2
37.45416667,-121.9791667,3
37.45416667,-121.9708333,1
37.45416667,-121.9625,0
37.45416667,-121.9541667,1
37.45416667,-121.9458333,16
37.45416667,-121.9375,14
37.45416667,-121.9291667,33
37.45416667,-121.9208333,1267
37.45416667,-121.9125,2422
37.45416667,-121.9041667,4143
37.45416667,-121.8958333,1050
37.45416667,-121.8875,183
37.45416667,-121.8791667,195
37.45416667,-121.8708333,17
37.45416667,-121.8625,1
37.45416667,-121.8541667,7
37.45416667,-121.8458333,16
37.45416667,-121.8375,0
37.45416667,-121.8291667,1
37.45416667,-121.8208333,0
37.44583333,-122.3291667,80
37.44583333,-122.3208333,0
37.44583333,-122.3125,0
37.44583333,-122.3041667,0
37.44583333,-122.2958333,0
37.44583333,-122.2875,10
37.44583333,-122.2791667,92
37.44583333,-122.2708333,325
37.44583333,-122.2625,1105
37.44583333,-122.2541667,239
37.44583333,-122.2458333,167
37.44583333,-122.2375,78
37.44583333,-122.2291667,1684
37.44583333,-122.2208333,433
37.44583333,-122.2125,195
37.44583333,-122.2041667,198
37.44583333,-122.1958333,1239
37.44583333,-122.1875,2108
37.44583333,-122.1791667,1665
37.44583333,-122.1708333,1708
37.44583333,-122.1625,6116
37.44583333,-122.1541667,3476
37.44583333,-122.1458333,1986
37.44583333,-122.1375,1729
37.44583333,-122.1291667,1555
37.44583333,-122.1208333,1295
37.44583333,-122.1125,136
37.44583333,-122.1041667,54
37.44583333,-122.0958333,36
37.44583333,-122.0875,2
37.44583333,-122.0791667,0
37.44583333,-122.0708333,0
37.44583333,-122.0625,1
37.44583333,-122.0541667,12
37.44583333,-122.0458333,0
37.44583333,-122.0375,5
37.44583333,-122.0291667,0
37.44583333,-122.0208333,2
37.44583333,-122.0125,2
37.44583333,-122.0041667,2
37.44583333,-121.9958333,0
37.44583333,-121.9875,0
37.44583333,-121.9791667,2
37.44583333,-121.9708333,1
37.44583333,-121.9625,3
37.44583333,-121.9541667,1
37.44583333,-121.9458333,5
37.44583333,-121.9375,10
37.44583333,-121.9291667,16
37.44583333,-121.9208333,499
37.44583333,-121.9125,1578
37.44583333,-121.9041667,1752
37.44583333,-121.8958333,1860
37.44583333,-121.8875,1603
37.44583333,-121.8791667,1467
37.44583333,-121.8708333,29
37.44583333,-121.8625,7
37.44583333,-121.8541667,0
37.44583333,-121.8458333,25
37.44583333,-121.8375,15
37.44583333,-121.8291667,4
37.44583333,-121.8208333,3
37.4375,-122.3208333,126
37.4375,-122.3125,0
37.4375,-122.3041667,0
37.4375,-122.2958333,0
37.4375,-122.2875,17
37.4375,-122.2791667,27
37.4375,-122.2708333,100
37.4375,-122.2625,267
37.4375,-122.2541667,413
37.4375,-122.2458333,107
37.4375,-122.2375,164
37.4375,-122.2291667,173
37.4375,-122.2208333,253
37.4375,-122.2125,981
37.4375,-122.2041667,1115
37.4375,-122.1958333,1298
37.4375,-122.1875,978
37.4375,-122.1791667,2338
37.4375,-122.1708333,493
37.4375,-122.1625,1908
37.4375,-122.1541667,2356
37.4375,-122.1458333,1051
37.4375,-122.1375,1719
37.4375,-122.1291667,1571
37.4375,-122.1208333,1705
37.4375,-122.1125,863
37.4375,-122.1041667,66
37.4375,-122.0958333,18
37.4375,-122.0875,1
37.4375,-122.0791667,6
37.4375,-122.0708333,4
37.4375,-122.0625,2
37.4375,-122.0541667,1
37.4375,-122.0458333,0
37.4375,-122.0375,0
37.4375,-122.0291667,2
37.4375,-122.0208333,0
37.4375,-122.0125,2
37.4375,-122.0041667,0
37.4375,-121.9958333,0
37.4375,-121.9875,1
37.4375,-121.9791667,10
37.4375,-121.9708333,30
37.4375,-121.9625,23
37.4375,-121.9541667,17
37.4375,-121.9458333,18
37.4375,-121.9375,21
37.4375,-121.9291667,53
37.4375,-121.9208333,846
37.4375,-121.9125,2514
37.4375,-121.9041667,1475
37.4375,-121.8958333,1584
37.4375,-121.8875,1592
37.4375,-121.8791667,2749
37.4375,-121.8708333,1080
37.4375,-121.8625,45
37.4375,-121.8541667,0
37.4375,-121.8458333,36
37.4375,-121.8375,9
37.4375,-121.8291667,3
37.4375,-121.8208333,22
37.4375,-121.8125,8
37.42916667,-122.3125,2
37.42916667,-122.3041667,0
37.42916667,-122.2958333,3
37.42916667,-122.2875,66
37.42916667,-122.2791667,87
37.42916667,-122.2708333,95
37.42916667,-122.2625,380
37.42916667,-122.2541667,632
37.42916667,-122.2458333,116
37.42916667,-122.2375,54
37.42916667,-122.2291667,118
37.42916667,-122.2208333,368
37.42916667,-122.2125,475
37.42916667,-122.2041667,1722
37.42916667,-122.1958333,1925
37.42916667,-122.1875,668
37.42916667,-122.1791667,5583
37.42916667,-122.1708333,2048
37.42916667,-122.1625,3081
37.42916667,-122.1541667,1985
37.42916667,-122.1458333,3342
37.42916667,-122.1375,2145
37.42916667,-122.1291667,2017
37.42916667,-122.1208333,1670
37.42916667,-122.1125,1719
37.42916667,-122.1041667,2117
37.42916667,-122.0958333,543
37.42916667,-122.0875,16
37.42916667,-122.0791667,34
37.42916667,-122.0708333,35
37.42916667,-122.0625,36
37.42916667,-122.0541667,33
37.42916667,-122.0458333,11
37.42916667,-122.0375,10
37.42916667,-122.0291667,6
37.42916667,-122.0208333,7
37.42916667,-122.0125,17
37.42916667,-122.0041667,6
37.42916667,-121.9958333,0
37.42916667,-121.9875,0
37.42916667,-121.9791667,196
37.42916667,-121.9708333,996
37.42916667,-121.9625,192
37.42916667,-121.9541667,47
37.42916667,-121.9458333,51
37.42916667,-121.9375,47
37.42916667,-121.9291667,49
37.42916667,-121.9208333,815
37.42916667,-121.9125,1965
37.42916667,-121.9041667,1153
37.42916667,-121.8958333,2223
37.42916667,-121.8875,1818
37.42916667,-121.8791667,2804
37.42916667,-121.8708333,1982
37.42916667,-121.8625,787
37.42916667,-121.8541667,0
37.42916667,-121.8458333,0
37.42916667,-121.8375,0
37.42916667,-121.8291667,0
37.42916667,-121.8208333,3
37.42916667,-121.8125,23
37.42916667,-121.8041667,47
37.42083333,-122.3041667,0
37.42083333,-122.2958333,0
37.42083333,-122.2875,0
37.42083333,-122.2791667,18
37.42083333,-122.2708333,108
37.42083333,-122.2625,93
37.42083333,-122.2541667,122
37.42083333,-122.2458333,98
37.42083333,-122.2375,36
37.42083333,-122.2291667,43
37.42083333,-122.2208333,184
37.42083333,-122.2125,1912
37.42083333,-122.2041667,768
37.42083333,-122.1958333,1078
37.42083333,-122.1875,108
37.42083333,-122.1791667,409
37.42083333,-122.1708333,2251
37.42083333,-122.1625,2683
37.42083333,-122.1541667,1939
37.42083333,-122.1458333,4736
37.42083333,-122.1375,2011
37.42083333,-122.1291667,2616
37.42083333,-122.1208333,2499
37.42083333,-122.1125,1337
37.42083333,-122.1041667,3044
37.42083333,-122.0958333,1514
37.42083333,-122.0875,4748
37.42083333,-122.0791667,522
37.42083333,-122.0708333,875
37.42083333,-122.0625,25
37.42083333,-122.0541667,25
37.42083333,-122.0458333,10
37.42083333,-122.0375,409
37.42083333,-122.0291667,1276
37.42083333,-122.0208333,432
37.42083333,-122.0125,237
37.42083333,-122.0041667,6
37.42083333,-121.9958333,10
37.42083333,-121.9875,2
37.42083333,-121.9791667,435
37.42083333,-121.9708333,985
37.42083333,-121.9625,744
37.42083333,-121.9541667,1326
37.42083333,-121.9458333,694
37.42083333,-121.9375,229
37.42083333,-121.9291667,39
37.42083333,-121.9208333,439
37.42083333,-121.9125,2770
37.42083333,-121.9041667,3484
37.42083333,-121.8958333,4532
37.42083333,-121.8875,1220
37.42083333,-121.8791667,1812
37.42083333,-121.8708333,2608
37.42083333,-121.8625,2262
37.42083333,-121.8541667,387
37.42083333,-121.8458333,8
37.42083333,-121.8375,2
37.42083333,-121.8291667,0
37.42083333,-121.8208333,1
37.42083333,-121.8125,0
37.42083333,-121.8041667,1
37.42083333,-121.7958333,1
37.4125,-122.2958333,0
37.4125,-122.2875,0
37.4125,-122.2791667,0
37.4125,-122.2708333,8
37.4125,-122.2625,44
37.4125,-122.2541667,86
37.4125,-122.2458333,73
37.4125,-122.2375,42
37.4125,-122.2291667,22
37.4125,-122.2208333,35
37.4125,-122.2125,104
37.4125,-122.2041667,81
37.4125,-122.1958333,95
37.4125,-122.1875,103
37.4125,-122.1791667,13
37.4125,-122.1708333,108
37.4125,-122.1625,378
37.4125,-122.1541667,1246
37.4125,-122.1458333,1135
37.4125,-122.1375,1182
37.4125,-122.1291667,2192
37.4125,-122.1208333,2038
37.4125,-122.1125,1558
37.4125,-122.1041667,1806
37.4125,-122.0958333,2245
37.4125,-122.0875,2112
37.4125,-122.0791667,1245
37.4125,-122.0708333,1558
37.4125,-122.0625,232
37.4125,-122.0541667,120
37.4125,-122.0458333,13
37.4125,-122.0375,73
37.4125,-122.0291667,263
37.4125,-122.0208333,681
37.4125,-122.0125,4142
37.4125,-122.0041667,2382
37.4125,-121.9958333,268
37.4125,-121.9875,610
37.4125,-121.9791667,210
37.4125,-121.9708333,66
37.4125,-121.9625,1840
37.4125,-121.9541667,3108
37.4125,-121.9458333,1756
37.4125,-121.9375,1751
37.4125,-121.9291667,1289
37.4125,-121.9208333,871
37.4125,-121.9125,1033
37.4125,-121.9041667,2505
37.4125,-121.8958333,1838
37.4125,-121.8875,2854
37.4125,-121.8791667,1903
37.4125,-121.8708333,2636
37.4125,-121.8625,2079
37.4125,-121.8541667,1909
37.4125,-121.8458333,548
37.4125,-121.8375,38
37.4125,-121.8291667,9
37.4125,-121.8208333,5
37.4125,-121.8125,5
37.4125,-121.8041667,2
37.4125,-121.7958333,1
37.4125,-121.7875,6
37.40416667,-122.2875,10
37.40416667,-122.2791667,12
37.40416667,-122.2708333,0
37.40416667,-122.2625,1
37.40416667,-122.2541667,61
37.40416667,-122.2458333,73
37.40416667,-122.2375,9
37.40416667,-122.2291667,1
37.40416667,-122.2208333,1
37.40416667,-122.2125,22
37.40416667,-122.2041667,184
37.40416667,-122.1958333,567
37.40416667,-122.1875,40
37.40416667,-122.1791667,16
37.40416667,-122.1708333,19
37.40416667,-122.1625,11
37.40416667,-122.1541667,209
37.40416667,-122.1458333,1804
37.40416667,-122.1375,2952
37.40416667,-122.1291667,1876
37.40416667,-122.1208333,1633
37.40416667,-122.1125,2756
37.40416667,-122.1041667,2521
37.40416667,-122.0958333,2434
37.40416667,-122.0875,2571
37.40416667,-122.0791667,2485
37.40416667,-122.0708333,1440
37.40416667,-122.0625,2241
37.40416667,-122.0541667,900
37.40416667,-122.0458333,82
37.40416667,-122.0375,129
37.40416667,-122.0291667,777
37.40416667,-122.0208333,1652
37.40416667,-122.0125,2242
37.40416667,-122.0041667,1921
37.40416667,-121.9958333,1883
37.40416667,-121.9875,2331
37.40416667,-121.9791667,2811
37.40416667,-121.9708333,572
37.40416667,-121.9625,2221
37.40416667,-121.9541667,4194
37.40416667,-121.9458333,2977
37.40416667,-121.9375,4954
37.40416667,-121.9291667,2878
37.40416667,-121.9208333,2288
37.40416667,-121.9125,1973
37.40416667,-121.9041667,2254
37.40416667,-121.8958333,2359
37.40416667,-121.8875,2644
37.40416667,-121.8791667,2336
37.40416667,-121.8708333,1711
37.40416667,-121.8625,1913
37.40416667,-121.8541667,3706
37.40416667,-121.8458333,1110
37.40416667,-121.8375,233
37.40416667,-121.8291667,100
37.40416667,-121.8208333,187
37.40416667,-121.8125,0
37.40416667,-121.8041667,0
37.40416667,-121.7958333,0
37.40416667,-121.7875,1
37.39583333,-122.2791667,0
37.39583333,-122.2708333,32
37.39583333,-122.2625,53
37.39583333,-122.2541667,36
37.39583333,-122.2458333,93
37.39583333,-122.2375,55
37.39583333,-122.2291667,28
37.39583333,-122.2208333,76
37.39583333,-122.2125,128
37.39583333,-122.2041667,330
37.39583333,-122.1958333,613
37.39583333,-122.1875,47
37.39583333,-122.1791667,22
37.39583333,-122.1708333,40
37.39583333,-122.1625,80
37.39583333,-122.1541667,23
37.39583333,-122.1458333,420
37.39583333,-122.1375,921
37.39583333,-122.1291667,486
37.39583333,-122.1208333,1284
37.39583333,-122.1125,1940
37.39583333,-122.1041667,4096
37.39583333,-122.0958333,4629
37.39583333,-122.0875,2710
37.39583333,-122.0791667,2884
37.39583333,-122.0708333,1652
37.39583333,-122.0625,2233
37.39583333,-122.0541667,1443
37.39583333,-122.0458333,1649
37.39583333,-122.0375,1603
37.39583333,-122.0291667,2694
37.39583333,-122.0208333,2953
37.39583333,-122.0125,2806
37.39583333,-122.0041667,2267
37.39583333,-121.9958333,2285
37.39583333,-121.9875,1649
37.39583333,-121.9791667,3021
37.39583333,-121.9708333,1021
37.39583333,-121.9625,2864
37.39583333,-121.9541667,2829
37.39583333,-121.9458333,4133
37.39583333,-121.9375,3506
37.39583333,-121.9291667,966
37.39583333,-121.9208333,2592
37.39583333,-121.9125,1422
37.39583333,-121.9041667,2454
37.39583333,-121.8958333,1816
37.39583333,-121.8875,2065
37.39583333,-121.8791667,2093
37.39583333,-121.8708333,1511
37.39583333,-121.8625,2319
37.39583333,-121.8541667,2024
37.39583333,-121.8458333,2241
37.39583333,-121.8375,956
37.39583333,-121.8291667,576
37.39583333,-121.8208333,188
37.39583333,-121.8125,11
37.39583333,-121.8041667,32
37.39583333,-121.7958333,1
37.39583333,-121.7875,0
37.39583333,-121.7791667,1
37.3875,-122.2708333,119
37.3875,-122.2625,189
37.3875,-122.2541667,32
37.3875,-122.2458333,83
37.3875,-122.2375,189
37.3875,-122.2291667,180
37.3875,-122.2208333,171
37.3875,-122.2125,149
37.3875,-122.2041667,202
37.3875,-122.1958333,74
37.3875,-122.1875,49
37.3875,-122.1791667,4
37.3875,-122.1708333,107
37.3875,-122.1625,151
37.3875,-122.1541667,68
37.3875,-122.1458333,286
37.3875,-122.1375,255
37.3875,-122.1291667,345
37.3875,-122.1208333,872
37.3875,-122.1125,1676
37.3875,-122.1041667,1117
37.3875,-122.0958333,1722
37.3875,-122.0875,2204
37.3875,-122.0791667,2690
37.3875,-122.0708333,1856
37.3875,-122.0625,2065
37.3875,-122.0541667,1483
37.3875,-122.0458333,2583
37.3875,-122.0375,879
37.3875,-122.0291667,2122
37.3875,-122.0208333,3007
37.3875,-122.0125,4102
37.3875,-122.0041667,2565
37.3875,-121.9958333,2590
37.3875,-121.9875,1068
37.3875,-121.9791667,1670
37.3875,-121.9708333,1750
37.3875,-121.9625,5230
37.3875,-121.9541667,2954
37.3875,-121.9458333,2313
37.3875,-121.9375,1695
37.3875,-121.9291667,3083
37.3875,-121.9208333,1895
37.3875,-121.9125,1188
37.3875,-121.9041667,3681
37.3875,-121.8958333,3756
37.3875,-121.8875,2354
37.3875,-121.8791667,1952
37.3875,-121.8708333,1897
37.3875,-121.8625,1978
37.3875,-121.8541667,1736
37.3875,-121.8458333,1519
37.3875,-121.8375,2237
37.3875,-121.8291667,1499
37.3875,-121.8208333,520
37.3875,-121.8125,388
37.3875,-121.8041667,148
37.3875,-121.7958333,9
37.3875,-121.7875,1
37.3875,-121.7791667,0
37.3875,-121.7708333,0
37.37916667,-122.2708333,2
37.37916667,-122.2625,133
37.37916667,-122.2541667,48
37.37916667,-122.2458333,30
37.37916667,-122.2375,78
37.37916667,-122.2291667,188
37.37916667,-122.2208333,497
37.37916667,-122.2125,535
37.37916667,-122.2041667,338
37.37916667,-122.1958333,312
37.37916667,-122.1875,36
37.37916667,-122.1791667,4
37.37916667,-122.1708333,104
37.37916667,-122.1625,157
37.37916667,-122.1541667,130
37.37916667,-122.1458333,194
37.37916667,-122.1375,273
37.37916667,-122.1291667,361
37.37916667,-122.1208333,1694
37.37916667,-122.1125,1817
37.37916667,-122.1041667,1200
37.37916667,-122.0958333,1045
37.37916667,-122.0875,1972
37.37916667,-122.0791667,2256
37.37916667,-122.0708333,1747
37.37916667,-122.0625,2577
37.37916667,-122.0541667,3470
37.37916667,-122.0458333,2347
37.37916667,-122.0375,1972
37.37916667,-122.0291667,2510
37.37916667,-122.0208333,1342
37.37916667,-122.0125,4010
37.37916667,-122.0041667,1255
37.37916667,-121.9958333,1712
37.37916667,-121.9875,1327
37.37916667,-121.9791667,1144
37.37916667,-121.9708333,3699
37.37916667,-121.9625,2750
37.37916667,-121.9541667,2180
37.37916667,-121.9458333,1160
37.37916667,-121.9375,658
37.37916667,-121.9291667,469
37.37916667,-121.9208333,4864
37.37916667,-121.9125,1919
37.37916667,-121.9041667,1761
37.37916667,-121.8958333,884
37.37916667,-121.8875,1223
37.37916667,-121.8791667,2500
37.37916667,-121.8708333,2414
37.37916667,-121.8625,1707
37.37916667,-121.8541667,2398
37.37916667,-121.8458333,2404
37.37916667,-121.8375,2743
37.37916667,-121.8291667,2725
37.37916667,-121.8208333,1348
37.37916667,-121.8125,565
37.37916667,-121.8041667,224
37.37916667,-121.7958333,156
37.37916667,-121.7875,5
37.37916667,-121.7791667,16
37.37916667,-121.7708333,2
37.37916667,-121.7625,0
37.37083333,-122.2625,24
37.37083333,-122.2541667,9
37.37083333,-122.2458333,0
37.37083333,-122.2375,0
37.37083333,-122.2291667,4
37.37083333,-122.2208333,244
37.37083333,-122.2125,670
37.37083333,-122.2041667,107
37.37083333,-122.1958333,30
37.37083333,-122.1875,5
37.37083333,-122.1791667,27
37.37083333,-122.1708333,144
37.37083333,-122.1625,163
37.37083333,-122.1541667,197
37.37083333,-122.1458333,193
37.37083333,-122.1375,225
37.37083333,-122.1291667,228
37.37083333,-122.1208333,411
37.37083333,-122.1125,1216
37.37083333,-122.1041667,1026
37.37083333,-122.0958333,1385
37.37083333,-122.0875,1920
37.37083333,-122.0791667,1590
37.37083333,-122.0708333,1154
37.37083333,-122.0625,2294
37.37083333,-122.0541667,1870
37.37083333,-122.0458333,2421
37.37083333,-122.0375,2897
37.37083333,-122.0291667,2189
37.37083333,-122.0208333,3406
37.37083333,-122.0125,1968
37.37083333,-122.0041667,2642
37.37083333,-121.9958333,1999
37.37083333,-121.9875,2062
37.37083333,-121.9791667,1795
37.37083333,-121.9708333,1488
37.37083333,-121.9625,3574
37.37083333,-121.9541667,1023
37.37083333,-121.9458333,269
37.37083333,-121.9375,48
37.37083333,-121.9291667,389
37.37083333,-121.9208333,2067
37.37083333,-121.9125,1980
37.37083333,-121.9041667,2015
37.37083333,-121.8958333,2121
37.37083333,-121.8875,1740
37.37083333,-121.8791667,1424
37.37083333,-121.8708333,2293
37.37083333,-121.8625,1233
37.37083333,-121.8541667,3616
37.37083333,-121.8458333,2152
37.37083333,-121.8375,2795
37.37083333,-121.8291667,2995
37.37083333,-121.8208333,2338
37.37083333,-121.8125,1744
37.37083333,-121.8041667,685
37.37083333,-121.7958333,65
37.37083333,-121.7875,14
37.37083333,-121.7791667,39
37.37083333,-121.7708333,31
37.37083333,-121.7625,0
37.37083333,-121.7541667,0
37.3625,-122.2541667,1
37.3625,-122.2458333,0
37.3625,-122.2375,0
37.3625,-122.2291667,0
37.3625,-122.2208333,6
37.3625,-122.2125,171
37.3625,-122.2041667,120
37.3625,-122.1958333,11
37.3625,-122.1875,0
37.3625,-122.1791667,3
37.3625,-122.1708333,88
37.3625,-122.1625,118
37.3625,-122.1541667,176
37.3625,-122.1458333,108
37.3625,-122.1375,215
37.3625,-122.1291667,2401
37.3625,-122.1208333,560
37.3625,-122.1125,732
37.3625,-122.1041667,751
37.3625,-122.0958333,1387
37.3625,-122.0875,948
37.3625,-122.0791667,1221
37.3625,-122.0708333,1964
37.3625,-122.0625,1128
37.3625,-122.0541667,2447
37.3625,-122.0458333,1587
37.3625,-122.0375,1410
37.3625,-122.0291667,2808
37.3625,-122.0208333,3252
37.3625,-122.0125,2008
37.3625,-122.0041667,1913
37.3625,-121.9958333,2272
37.3625,-121.9875,2821
37.3625,-121.9791667,1996
37.3625,-121.9708333,1716
37.3625,-121.9625,4436
37.3625,-121.9541667,2611
37.3625,-121.9458333,1008
37.3625,-121.9375,1001
37.3625,-121.9291667,28
37.3625,-121.9208333,342
37.3625,-121.9125,4155
37.3625,-121.9041667,2075
37.3625,-121.8958333,1992
37.3625,-121.8875,2784
37.3625,-121.8791667,1011
37.3625,-121.8708333,1806
37.3625,-121.8625,2978
37.3625,-121.8541667,3479
37.3625,-121.8458333,4904
37.3625,-121.8375,2273
37.3625,-121.8291667,3414
37.3625,-121.8208333,2642
37.3625,-121.8125,2209
37.3625,-121.8041667,879
37.3625,-121.7958333,245
37.3625,-121.7875,31
37.3625,-121.7791667,56
37.3625,-121.7708333,30
37.3625,-121.7625,38
37.3625,-121.7541667,11
37.35416667,-122.2458333,2
37.35416667,-122.2375,1
37.35416667,-122.2291667,1
37.35416667,-122.2208333,12
37.35416667,-122.2125,5
37.35416667,-122.2041667,38
37.35416667,-122.1958333,27
37.35416667,-122.1875,0
37.35416667,-122.1791667,0
37.35416667,-122.1708333,2
37.35416667,-122.1625,62
37.35416667,-122.1541667,44
37.35416667,-122.1458333,81
37.35416667,-122.1375,187
37.35416667,-122.1291667,226
37.35416667,-122.1208333,205
37.35416667,-122.1125,221
37.35416667,-122.1041667,383
37.35416667,-122.0958333,604
37.35416667,-122.0875,1143
37.35416667,-122.0791667,1010
37.35416667,-122.0708333,1176
37.35416667,-122.0625,1015
37.35416667,-122.0541667,1710
37.35416667,-122.0458333,1481
37.35416667,-122.0375,2135
37.35416667,-122.0291667,2901
37.35416667,-122.0208333,2213
37.35416667,-122.0125,2878
37.35416667,-122.0041667,3166
37.35416667,-121.9958333,3053
37.35416667,-121.9875,2418
37.35416667,-121.9791667,2121
37.35416667,-121.9708333,1728
37.35416667,-121.9625,2744
37.35416667,-121.9541667,3289
37.35416667,-121.9458333,1851
37.35416667,-121.9375,4157
37.35416667,-121.9291667,512
37.35416667,-121.9208333,109
37.35416667,-121.9125,413
37.35416667,-121.9041667,7137
37.35416667,-121.8958333,2268
37.35416667,-121.8875,3277
37.35416667,-121.8791667,2174
37.35416667,-121.8708333,2387
37.35416667,-121.8625,2286
37.35416667,-121.8541667,3575
37.35416667,-121.8458333,3788
37.35416667,-121.8375,2259
37.35416667,-121.8291667,2521
37.35416667,-121.8208333,3078
37.35416667,-121.8125,3174
37.35416667,-121.8041667,2449
37.35416667,-121.7958333,1245
37.35416667,-121.7875,287
37.35416667,-121.7791667,26
37.35416667,-121.7708333,8
37.35416667,-121.7625,0
37.35416667,-121.7541667,1
37.35416667,-121.7458333,1
37.34583333,-122.2375,0
37.34583333,-122.2291667,0
37.34583333,-122.2208333,3
37.34583333,-122.2125,7
37.34583333,-122.2041667,93
37.34583333,-122.1958333,186
37.34583333,-122.1875,1
37.34583333,-122.1791667,4
37.34583333,-122.1708333,12
37.34583333,-122.1625,0
37.34583333,-122.1541667,0
37.34583333,-122.1458333,0
37.34583333,-122.1375,4
37.34583333,-122.1291667,11
37.34583333,-122.1208333,193
37.34583333,-122.1125,255
37.34583333,-122.1041667,294
37.34583333,-122.0958333,502
37.34583333,-122.0875,997
37.34583333,-122.0791667,1477
37.34583333,-122.0708333,1057
37.34583333,-122.0625,1023
37.34583333,-122.0541667,1270
37.34583333,-122.0458333,1158
37.34583333,-122.0375,2353
37.34583333,-122.0291667,2502
37.34583333,-122.0208333,1511
37.34583333,-122.0125,1880
37.34583333,-122.0041667,1614
37.34583333,-121.9958333,2791
37.34583333,-121.9875,3562
37.34583333,-121.9791667,4701
37.34583333,-121.9708333,1923
37.34583333,-121.9625,1978
37.34583333,-121.9541667,1731
37.34583333,-121.9458333,2896
37.34583333,-121.9375,2800
37.34583333,-121.9291667,3197
37.34583333,-121.9208333,2609
37.34583333,-121.9125,606
37.34583333,-121.9041667,1842
37.34583333,-121.8958333,2915
37.34583333,-121.8875,3804
37.34583333,-121.8791667,2818
37.34583333,-121.8708333,2597
37.34583333,-121.8625,2720
37.34583333,-121.8541667,2968
37.34583333,-121.8458333,2952
37.34583333,-121.8375,3599
37.34583333,-121.8291667,3783
37.34583333,-121.8208333,3221
37.34583333,-121.8125,3085
37.34583333,-121.8041667,3052
37.34583333,-121.7958333,1598
37.34583333,-121.7875,748
37.34583333,-121.7791667,124
37.34583333,-121.7708333,41
37.34583333,-121.7625,2
37.34583333,-121.7541667,1
37.34583333,-121.7458333,0
37.34583333,-121.7375,0
37.3375,-122.2291667,2
37.3375,-122.2208333,3
37.3375,-122.2125,1
37.3375,-122.2041667,1
37.3375,-122.1958333,110
37.3375,-122.1875,11
37.3375,-122.1791667,18
37.3375,-122.1708333,6
37.3375,-122.1625,0
37.3375,-122.1541667,0
37.3375,-122.1458333,0
37.3375,-122.1375,0
37.3375,-122.1291667,0
37.3375,-122.1208333,5
37.3375,-122.1125,68
37.3375,-122.1041667,94
37.3375,-122.0958333,102
37.3375,-122.0875,918
37.3375,-122.0791667,540
37.3375,-122.0708333,738
37.3375,-122.0625,2303
37.3375,-122.0541667,1125
37.3375,-122.0458333,2920
37.3375,-122.0375,4124
37.3375,-122.0291667,2320
37.3375,-122.0208333,1304
37.3375,-122.0125,1627
37.3375,-122.0041667,875
37.3375,-121.9958333,6315
37.3375,-121.9875,2761
37.3375,-121.9791667,1693
37.3375,-121.9708333,1699
37.3375,-121.9625,2037
37.3375,-121.9541667,2276
37.3375,-121.9458333,1290
37.3375,-121.9375,2037
37.3375,-121.9291667,1397
37.3375,-121.9208333,2694
37.3375,-121.9125,2800
37.3375,-121.9041667,1515
37.3375,-121.8958333,4711
37.3375,-121.8875,11185
37.3375,-121.8791667,14702
37.3375,-121.8708333,1801
37.3375,-121.8625,3650
37.3375,-121.8541667,1583
37.3375,-121.8458333,1756
37.3375,-121.8375,3951
37.3375,-121.8291667,3221
37.3375,-121.8208333,839
37.3375,-121.8125,721
37.3375,-121.8041667,525
37.3375,-121.7958333,1916
37.3375,-121.7875,1789
37.3375,-121.7791667,785
37.3375,-121.7708333,160
37.3375,-121.7625,21
37.3375,-121.7541667,14
37.3375,-121.7458333,0
37.3375,-121.7375,3
37.3375,-121.7291667,1
37.32916667,-122.2125,14
37.32916667,-122.2041667,20
37.32916667,-122.1958333,5
37.32916667,-122.1875,0
37.32916667,-122.1791667,5
37.32916667,-122.1708333,3
37.32916667,-122.1625,0
37.32916667,-122.1541667,0
37.32916667,-122.1458333,0
37.32916667,-122.1375,0
37.32916667,-122.1291667,1
37.32916667,-122.1208333,0
37.32916667,-122.1125,0
37.32916667,-122.1041667,0
37.32916667,-122.0958333,0
37.32916667,-122.0875,5
37.32916667,-122.0791667,193
37.32916667,-122.0708333,998
37.32916667,-122.0625,1291
37.32916667,-122.0541667,1119
37.32916667,-122.0458333,2153
37.32916667,-122.0375,2048
37.32916667,-122.0291667,5265
37.32916667,-122.0208333,1342
37.32916667,-122.0125,980
37.32916667,-122.0041667,679
37.32916667,-121.9958333,1727
37.32916667,-121.9875,1703
37.32916667,-121.9791667,1728
37.32916667,-121.9708333,1904
37.32916667,-121.9625,2097
37.32916667,-121.9541667,1619
37.32916667,-121.9458333,2918
37.32916667,-121.9375,3167
37.32916667,-121.9291667,2667
37.32916667,-121.9208333,2264
37.32916667,-121.9125,2288
37.32916667,-121.9041667,3912
37.32916667,-121.8958333,6026
37.32916667,-121.8875,3913
37.32916667,-121.8791667,4929
37.32916667,-121.8708333,2501
37.32916667,-121.8625,719
37.32916667,-121.8541667,3179
37.32916667,-121.8458333,4357
37.32916667,-121.8375,3584
37.32916667,-121.8291667,3694
37.32916667,-121.8208333,2496
37.32916667,-121.8125,926
37.32916667,-121.8041667,2615
37.32916667,-121.7958333,2498
37.32916667,-121.7875,2302
37.32916667,-121.7791667,1398
37.32916667,-121.7708333,1397
37.32916667,-121.7625,104
37.32916667,-121.7541667,51
37.32916667,-121.7458333,19
37.32916667,-121.7375,0
37.32916667,-121.7291667,0
37.32083333,-122.2041667,0
37.32083333,-122.1958333,1
37.32083333,-122.1875,2
37.32083333,-122.1791667,0
37.32083333,-122.1708333,0
37.32083333,-122.1625,0
37.32083333,-122.1541667,3
37.32083333,-122.1458333,0
37.32083333,-122.1375,0
37.32083333,-122.1291667,11
37.32083333,-122.1208333,0
37.32083333,-122.1125,17
37.32083333,-122.1041667,16
37.32083333,-122.0958333,52
37.32083333,-122.0875,129
37.32083333,-122.0791667,447
37.32083333,-122.0708333,1674
37.32083333,-122.0625,1014
37.32083333,-122.0541667,1799
37.32083333,-122.0458333,7083
37.32083333,-122.0375,1652
37.32083333,-122.0291667,9881
37.32083333,-122.0208333,1639
37.32083333,-122.0125,2865
37.32083333,-122.0041667,2034
37.32083333,-121.9958333,1828
37.32083333,-121.9875,2580
37.32083333,-121.9791667,3974
37.32083333,-121.9708333,3385
37.32083333,-121.9625,2553
37.32083333,-121.9541667,1441
37.32083333,-121.9458333,4641
37.32083333,-121.9375,1392
37.32083333,-121.9291667,2772
37.32083333,-121.9208333,2945
37.32083333,-121.9125,3464
37.32083333,-121.9041667,1363
37.32083333,-121.8958333,2233
37.32083333,-121.8875,2739
37.32083333,-121.8791667,3435
37.32083333,-121.8708333,2197
37.32083333,-121.8625,594
37.32083333,-121.8541667,1524
37.32083333,-121.8458333,3087
37.32083333,-121.8375,4116
37.32083333,-121.8291667,3246
37.32083333,-121.8208333,3270
37.32083333,-121.8125,928
37.32083333,-121.8041667,2013
37.32083333,-121.7958333,2363
37.32083333,-121.7875,2599
37.32083333,-121.7791667,2839
37.32083333,-121.7708333,2168
37.32083333,-121.7625,1054
37.32083333,-121.7541667,50
37.32083333,-121.7458333,5
37.32083333,-121.7375,1
37.32083333,-121.7291667,0
37.32083333,-121.7208333,0
37.3125,-122.1875,2
37.3125,-122.1791667,0
37.3125,-122.1708333,1
37.3125,-122.1625,0
37.3125,-122.1541667,0
37.3125,-122.1458333,0
37.3125,-122.1375,1
37.3125,-122.1291667,0
37.3125,-122.1208333,0
37.3125,-122.1125,0
37.3125,-122.1041667,0
37.3125,-122.0958333,25
37.3125,-122.0875,42
37.3125,-122.0791667,81
37.3125,-122.0708333,997
37.3125,-122.0625,682
37.3125,-122.0541667,3546
37.3125,-122.0458333,1687
37.3125,-122.0375,1360
37.3125,-122.0291667,2412
37.3125,-122.0208333,1547
37.3125,-122.0125,2333
37.3125,-122.0041667,1849
37.3125,-121.9958333,2242
37.3125,-121.9875,2095
37.3125,-121.9791667,3087
37.3125,-121.9708333,2929
37.3125,-121.9625,1841
37.3125,-121.9541667,1992
37.3125,-121.9458333,2484
37.3125,-121.9375,1846
37.3125,-121.9291667,4588
37.3125,-121.9208333,2622
37.3125,-121.9125,2381
37.3125,-121.9041667,2441
37.3125,-121.8958333,1841
37.3125,-121.8875,1286
37.3125,-121.8791667,3497
37.3125,-121.8708333,3504
37.3125,-121.8625,2794
37.3125,-121.8541667,786
37.3125,-121.8458333,1583
37.3125,-121.8375,2737
37.3125,-121.8291667,2427
37.3125,-121.8208333,2615
37.3125,-121.8125,2372
37.3125,-121.8041667,2997
37.3125,-121.7958333,2096
37.3125,-121.7875,1903
37.3125,-121.7791667,1966
37.3125,-121.7708333,1801
37.3125,-121.7625,2111
37.3125,-121.7541667,574
37.3125,-121.7458333,3
37.3125,-121.7375,0
37.3125,-121.7291667,0
37.3125,-121.7208333,0
37.3125,-121.7125,0
37.30416667,-122.1791667,0
37.30416667,-122.1708333,0
37.30416667,-122.1625,3
37.30416667,-122.1541667,0
37.30416667,-122.1458333,0
37.30416667,-122.1375,1
37.30416667,-122.1291667,10
37.30416667,-122.1208333,6
37.30416667,-122.1125,6
37.30416667,-122.1041667,0
37.30416667,-122.0958333,3
37.30416667,-122.0875,6
37.30416667,-122.0791667,8
37.30416667,-122.0708333,62
37.30416667,-122.0625,174
37.30416667,-122.0541667,1058
37.30416667,-122.0458333,1773
37.30416667,-122.0375,1781
37.30416667,-122.0291667,2538
37.30416667,-122.0208333,1481
37.30416667,-122.0125,2138
37.30416667,-122.0041667,2823
37.30416667,-121.9958333,1304
37.30416667,-121.9875,1615
37.30416667,-121.9791667,2702
37.30416667,-121.9708333,3455
37.30416667,-121.9625,2267
37.30416667,-121.9541667,2405
37.30416667,-121.9458333,3100
37.30416667,-121.9375,1630
37.30416667,-121.9291667,3165
37.30416667,-121.9208333,2726
37.30416667,-121.9125,1704
37.30416667,-121.9041667,1688
37.30416667,-121.8958333,2438
37.30416667,-121.8875,1803
37.30416667,-121.8791667,1418
37.30416667,-121.8708333,1871
37.30416667,-121.8625,727
37.30416667,-121.8541667,713
37.30416667,-121.8458333,2787
37.30416667,-121.8375,1765
37.30416667,-121.8291667,1592
37.30416667,-121.8208333,2135
37.30416667,-121.8125,2788
37.30416667,-121.8041667,3360
37.30416667,-121.7958333,1325
37.30416667,-121.7875,1275
37.30416667,-121.7791667,1484
37.30416667,-121.7708333,1202
37.30416667,-121.7625,2474
37.30416667,-121.7541667,340
37.30416667,-121.7458333,8
37.30416667,-121.7375,0
37.30416667,-121.7291667,0
37.30416667,-121.7208333,0
37.30416667,-121.7125,0
37.30416667,-121.7041667,0
37.29583333,-122.1625,15
37.29583333,-122.1541667,7
37.29583333,-122.1458333,0
37.29583333,-122.1375,0
37.29583333,-122.1291667,0
37.29583333,-122.1208333,0
37.29583333,-122.1125,31
37.29583333,-122.1041667,22
37.29583333,-122.0958333,39
37.29583333,-122.0875,21
37.29583333,-122.0791667,7
37.29583333,-122.0708333,6
37.29583333,-122.0625,90
37.29583333,-122.0541667,166
37.29583333,-122.0458333,686
37.29583333,-122.0375,1399
37.29583333,-122.0291667,2176
37.29583333,-122.0208333,1511
37.29583333,-122.0125,1706
37.29583333,-122.0041667,1699
37.29583333,-121.9958333,1973
37.29583333,-121.9875,2701
37.29583333,-121.9791667,1891
37.29583333,-121.9708333,2399
37.29583333,-121.9625,2606
37.29583333,-121.9541667,4292
37.29583333,-121.9458333,3155
37.29583333,-121.9375,2010
37.29583333,-121.9291667,2176
37.29583333,-121.9208333,2096
37.29583333,-121.9125,2216
37.29583333,-121.9041667,1067
37.29583333,-121.8958333,2152
37.29583333,-121.8875,1824
37.29583333,-121.8791667,2057
37.29583333,-121.8708333,1173
37.29583333,-121.8625,509
37.29583333,-121.8541667,1014
37.29583333,-121.8458333,3149
37.29583333,-121.8375,2889
37.29583333,-121.8291667,2038
37.29583333,-121.8208333,1011
37.29583333,-121.8125,1879
37.29583333,-121.8041667,1102
37.29583333,-121.7958333,501
37.29583333,-121.7875,903
37.29583333,-121.7791667,764
37.29583333,-121.7708333,534
37.29583333,-121.7625,1254
37.29583333,-121.7541667,783
37.29583333,-121.7458333,201
37.29583333,-121.7375,25
37.29583333,-121.7291667,0
37.29583333,-121.7208333,0
37.29583333,-121.7125,0
37.29583333,-121.7041667,0
37.29583333,-121.6958333,0
37.2875,-122.1458333,1
37.2875,-122.1375,0
37.2875,-122.1291667,1
37.2875,-122.1208333,0
37.2875,-122.1125,1
37.2875,-122.1041667,1
37.2875,-122.0958333,21
37.2875,-122.0875,8
37.2875,-122.0791667,3
37.2875,-122.0708333,2
37.2875,-122.0625,13
37.2875,-122.0541667,150
37.2875,-122.0458333,169
37.2875,-122.0375,663
37.2875,-122.0291667,1298
37.2875,-122.0208333,810
37.2875,-122.0125,1010
37.2875,-122.0041667,1104
37.2875,-121.9958333,1277
37.2875,-121.9875,2938
37.2875,-121.9791667,2250
37.2875,-121.9708333,1884
37.2875,-121.9625,1493
37.2875,-121.9541667,1916
37.2875,-121.9458333,4967
37.2875,-121.9375,3067
37.2875,-121.9291667,2182
37.2875,-121.9208333,971
37.2875,-121.9125,956
37.2875,-121.9041667,1760
37.2875,-121.8958333,2009
37.2875,-121.8875,1276
37.2875,-121.8791667,1736
37.2875,-121.8708333,1118
37.2875,-121.8625,1047
37.2875,-121.8541667,443
37.2875,-121.8458333,1570
37.2875,-121.8375,2617
37.2875,-121.8291667,4283
37.2875,-121.8208333,2622
37.2875,-121.8125,647
37.2875,-121.8041667,580
37.2875,-121.7958333,508
37.2875,-121.7875,287
37.2875,-121.7791667,499
37.2875,-121.7708333,539
37.2875,-121.7625,610
37.2875,-121.7541667,529
37.2875,-121.7458333,453
37.2875,-121.7375,566
37.2875,-121.7291667,12
37.2875,-121.7208333,0
37.2875,-121.7125,0
37.2875,-121.7041667,0
37.2875,-121.6958333,0
37.27916667,-122.1375,1
37.27916667,-122.1291667,4
37.27916667,-122.1208333,12
37.27916667,-122.1125,2
37.27916667,-122.1041667,3
37.27916667,-122.0958333,0
37.27916667,-122.0875,0
37.27916667,-122.0791667,0
37.27916667,-122.0708333,2
37.27916667,-122.0625,34
37.27916667,-122.0541667,22
37.27916667,-122.0458333,96
37.27916667,-122.0375,437
37.27916667,-122.0291667,1195
37.27916667,-122.0208333,898
37.27916667,-122.0125,679
37.27916667,-122.0041667,1053
37.27916667,-121.9958333,1330
37.27916667,-121.9875,1736
37.27916667,-121.9791667,2098
37.27916667,-121.9708333,1777
37.27916667,-121.9625,1394
37.27916667,-121.9541667,3241
37.27916667,-121.9458333,1618
37.27916667,-121.9375,2555
37.27916667,-121.9291667,2079
37.27916667,-121.9208333,1730
37.27916667,-121.9125,1394
37.27916667,-121.9041667,1944
37.27916667,-121.8958333,1357
37.27916667,-121.8875,1456
37.27916667,-121.8791667,2094
37.27916667,-121.8708333,2694
37.27916667,-121.8625,1698
37.27916667,-121.8541667,2259
37.27916667,-121.8458333,2230
37.27916667,-121.8375,3138
37.27916667,-121.8291667,4203
37.27916667,-121.8208333,2561
37.27916667,-121.8125,1286
37.27916667,-121.8041667,398
37.27916667,-121.7958333,102
37.27916667,-121.7875,34
37.27916667,-121.7791667,860
37.27916667,-121.7708333,476
37.27916667,-121.7625,1085
37.27916667,-121.7541667,573
37.27916667,-121.7458333,685
37.27916667,-121.7375,356
37.27916667,-121.7291667,0
37.27916667,-121.7208333,0
37.27916667,-121.7125,0
37.27916667,-121.7041667,0
37.27916667,-121.6958333,0
37.27916667,-121.6875,0
37.27083333,-122.1208333,12
37.27083333,-122.1125,0
37.27083333,-122.1041667,18
37.27083333,-122.0958333,26
37.27083333,-122.0875,8
37.27083333,-122.0791667,11
37.27083333,-122.0708333,14
37.27083333,-122.0625,113
37.27083333,-122.0541667,126
37.27083333,-122.0458333,183
37.27083333,-122.0375,573
37.27083333,-122.0291667,1089
37.27083333,-122.0208333,959
37.27083333,-122.0125,1242
37.27083333,-122.0041667,899
37.27083333,-121.9958333,903
37.27083333,-121.9875,1920
37.27083333,-121.9791667,1320
37.27083333,-121.9708333,1499
37.27083333,-121.9625,2310
37.27083333,-121.9541667,727
37.27083333,-121.9458333,1185
37.27083333,-121.9375,2426
37.27083333,-121.9291667,2108
37.27083333,-121.9208333,1684
37.27083333,-121.9125,1665
37.27083333,-121.9041667,1568
37.27083333,-121.8958333,1653
37.27083333,-121.8875,1557
37.27083333,-121.8791667,1343
37.27083333,-121.8708333,1630
37.27083333,-121.8625,1260
37.27083333,-121.8541667,1865
37.27083333,-121.8458333,2665
37.27083333,-121.8375,2742
37.27083333,-121.8291667,1920
37.27083333,-121.8208333,1819
37.27083333,-121.8125,2317
37.27083333,-121.8041667,2089
37.27083333,-121.7958333,1335
37.27083333,-121.7875,607
37.27083333,-121.7791667,61
37.27083333,-121.7708333,349
37.27083333,-121.7625,274
37.27083333,-121.7541667,353
37.27083333,-121.7458333,122
37.27083333,-121.7375,370
37.27083333,-121.7291667,0
37.27083333,-121.7208333,0
37.27083333,-121.7125,0
37.27083333,-121.7041667,0
37.27083333,-121.6958333,0
37.27083333,-121.6875,0
37.27083333,-121.6791667,1
37.2625,-122.1041667,6
37.2625,-122.0958333,14
37.2625,-122.0875,0
37.2625,-122.0791667,0
37.2625,-122.0708333,0
37.2625,-122.0625,43
37.2625,-122.0541667,142
37.2625,-122.0458333,234
37.2625,-122.0375,945
37.2625,-122.0291667,2023
37.2625,-122.0208333,439
37.2625,-122.0125,2128
37.2625,-122.0041667,544
37.2625,-121.9958333,674
37.2625,-121.9875,1455
37.2625,-121.9791667,884
37.2625,-121.9708333,1705
37.2625,-121.9625,1579
37.2625,-121.9541667,338
37.2625,-121.9458333,2798
37.2625,-121.9375,1511
37.2625,-121.9291667,1183
37.2625,-121.9208333,2376
37.2625,-121.9125,1772
37.2625,-121.9041667,1592
37.2625,-121.8958333,1931
37.2625,-121.8875,2041
37.2625,-121.8791667,2563
37.2625,-121.8708333,1500
37.2625,-121.8625,2053
37.2625,-121.8541667,1739
37.2625,-121.8458333,944
37.2625,-121.8375,304
37.2625,-121.8291667,1633
37.2625,-121.8208333,1645
37.2625,-121.8125,2530
37.2625,-121.8041667,3483
37.2625,-121.7958333,1071
37.2625,-121.7875,972
37.2625,-121.7791667,43
37.2625,-121.7708333,8
37.2625,-121.7625,7
37.2625,-121.7541667,7
37.2625,-121.7458333,4
37.2625,-121.7375,0
37.2625,-121.7291667,0
37.2625,-121.7208333,0
37.2625,-121.7125,0
37.2625,-121.7041667,0
37.2625,-121.6958333,0
37.2625,-121.6875,0
37.2625,-121.6791667,0
37.2625,-121.6708333,0
37.25416667,-122.0958333,2
37.25416667,-122.0875,17
37.25416667,-122.0791667,0
37.25416667,-122.0708333,0
37.25416667,-122.0625,2
37.25416667,-122.0541667,89
37.25416667,-122.0458333,173
37.25416667,-122.0375,1593
37.25416667,-122.0291667,659
37.25416667,-122.0208333,276
37.25416667,-122.0125,370
37.25416667,-122.0041667,450
37.25416667,-121.9958333,357
37.25416667,-121.9875,535
37.25416667,-121.9791667,240
37.25416667,-121.9708333,873
37.25416667,-121.9625,1323
37.25416667,-121.9541667,638
37.25416667,-121.9458333,1953
37.25416667,-121.9375,1693
37.25416667,-121.9291667,1529
37.25416667,-121.9208333,1334
37.25416667,-121.9125,1724
37.25416667,-121.9041667,2297
37.25416667,-121.8958333,1728
37.25416667,-121.8875,1915
37.25416667,-121.8791667,2238
37.25416667,-121.8708333,1892
37.25416667,-121.8625,3070
37.25416667,-121.8541667,1473
37.25416667,-121.8458333,1357
37.25416667,-121.8375,2182
37.25416667,-121.8291667,3036
37.25416667,-121.8208333,3643
37.25416667,-121.8125,2988
37.25416667,-121.8041667,1354
37.25416667,-121.7958333,1339
37.25416667,-121.7875,768
37.25416667,-121.7791667,138
37.25416667,-121.7708333,58
37.25416667,-121.7625,11
37.25416667,-121.7541667,6
37.25416667,-121.7458333,4
37.25416667,-121.7375,1
37.25416667,-121.7291667,0
37.25416667,-121.7208333,0
37.25416667,-121.7125,0
37.25416667,-121.7041667,0
37.25416667,-121.6958333,0
37.25416667,-121.6875,0
37.25416667,-121.6791667,0
37.25416667,-121.6708333,0
37.25416667,-121.6625,0
37.24583333,-122.0791667,7
37.24583333,-122.0708333,3
37.24583333,-122.0625,1
37.24583333,-122.0541667,0
37.24583333,-122.0458333,49
37.24583333,-122.0375,88
37.24583333,-122.0291667,137
37.24583333,-122.0208333,263
37.24583333,-122.0125,260
37.24583333,-122.0041667,268
37.24583333,-121.9958333,294
37.24583333,-121.9875,326
37.24583333,-121.9791667,463
37.24583333,-121.9708333,496
37.24583333,-121.9625,952
37.24583333,-121.9541667,1603
37.24583333,-121.9458333,2485
37.24583333,-121.9375,1534
37.24583333,-121.9291667,1744
37.24583333,-121.9208333,1616
37.24583333,-121.9125,1458
37.24583333,-121.9041667,1852
37.24583333,-121.8958333,1566
37.24583333,-121.8875,1837
37.24583333,-121.8791667,2870
37.24583333,-121.8708333,1682
37.24583333,-121.8625,2260
37.24583333,-121.8541667,2752
37.24583333,-121.8458333,2202
37.24583333,-121.8375,2166
37.24583333,-121.8291667,1535
37.24583333,-121.8208333,1768
37.24583333,-121.8125,2510
37.24583333,-121.8041667,1135
37.24583333,-121.7958333,122
37.24583333,-121.7875,702
37.24583333,-121.7791667,1887
37.24583333,-121.7708333,504
37.24583333,-121.7625,1187
37.24583333,-121.7541667,27
37.24583333,-121.7458333,2
37.24583333,-121.7375,5
37.24583333,-121.7291667,2
37.24583333,-121.7208333,0
37.24583333,-121.7125,0
37.24583333,-121.7041667,0
37.24583333,-121.6958333,2
37.24583333,-121.6875,13
37.24583333,-121.6791667,0
37.24583333,-121.6708333,0
37.2375,-122.0625,2
37.2375,-122.0541667,1
37.2375,-122.0458333,46
37.2375,-122.0375,8
37.2375,-122.0291667,7
37.2375,-122.0208333,117
37.2375,-122.0125,188
37.2375,-122.0041667,193
37.2375,-121.9958333,272
37.2375,-121.9875,413
37.2375,-121.9791667,1840
37.2375,-121.9708333,1555
37.2375,-121.9625,2117
37.2375,-121.9541667,1538
37.2375,-121.9458333,825
37.2375,-121.9375,941
37.2375,-121.9291667,1055
37.2375,-121.9208333,1658
37.2375,-121.9125,1973
37.2375,-121.9041667,2317
37.2375,-121.8958333,1602
37.2375,-121.8875,963
37.2375,-121.8791667,735
37.2375,-121.8708333,782
37.2375,-121.8625,784
37.2375,-121.8541667,1095
37.2375,-121.8458333,1589
37.2375,-121.8375,1851
37.2375,-121.8291667,2597
37.2375,-121.8208333,1997
37.2375,-121.8125,2011
37.2375,-121.8041667,4398
37.2375,-121.7958333,2648
37.2375,-121.7875,829
37.2375,-121.7791667,1374
37.2375,-121.7708333,1698
37.2375,-121.7625,1018
37.2375,-121.7541667,325
37.2375,-121.7458333,4
37.2375,-121.7375,2
37.2375,-121.7291667,1
37.2375,-121.7208333,0
37.2375,-121.7125,0
37.2375,-121.7041667,1
37.2375,-121.6958333,2
37.2375,-121.6875,10
37.2375,-121.6791667,0
37.22916667,-122.0541667,21
37.22916667,-122.0458333,1
37.22916667,-122.0375,25
37.22916667,-122.0291667,0
37.22916667,-122.0208333,5
37.22916667,-122.0125,56
37.22916667,-122.0041667,153
37.22916667,-121.9958333,404
37.22916667,-121.9875,907
37.22916667,-121.9791667,2586
37.22916667,-121.9708333,1159
37.22916667,-121.9625,1490
37.22916667,-121.9541667,785
37.22916667,-121.9458333,171
37.22916667,-121.9375,42
37.22916667,-121.9291667,37
37.22916667,-121.9208333,182
37.22916667,-121.9125,654
37.22916667,-121.9041667,1208
37.22916667,-121.8958333,1473
37.22916667,-121.8875,1270
37.22916667,-121.8791667,1448
37.22916667,-121.8708333,1507
37.22916667,-121.8625,777
37.22916667,-121.8541667,213
37.22916667,-121.8458333,244
37.22916667,-121.8375,1044
37.22916667,-121.8291667,1004
37.22916667,-121.8208333,1128
37.22916667,-121.8125,1294
37.22916667,-121.8041667,1711
37.22916667,-121.7958333,1443
37.22916667,-121.7875,1919
37.22916667,-121.7791667,2075
37.22916667,-121.7708333,1985
37.22916667,-121.7625,1496
37.22916667,-121.7541667,284
37.22916667,-121.7458333,31
37.22916667,-121.7375,0
37.22916667,-121.7291667,0
37.22916667,-121.7208333,0
37.22916667,-121.7125,0
37.22916667,-121.7041667,4
37.22916667,-121.6958333,2
37.22083333,-122.0375,22
37.22083333,-122.0291667,5
37.22083333,-122.0208333,6
37.22083333,-122.0125,14
37.22083333,-122.0041667,14
37.22083333,-121.9958333,26
37.22083333,-121.9875,1540
37.22083333,-121.9791667,2686
37.22083333,-121.9708333,999
37.22083333,-121.9625,513
37.22083333,-121.9541667,260
37.22083333,-121.9458333,110
37.22083333,-121.9375,87
37.22083333,-121.9291667,82
37.22083333,-121.9208333,92
37.22083333,-121.9125,119
37.22083333,-121.9041667,1008
37.22083333,-121.8958333,446
37.22083333,-121.8875,775
37.22083333,-121.8791667,1957
37.22083333,-121.8708333,1387
37.22083333,-121.8625,2237
37.22083333,-121.8541667,1056
37.22083333,-121.8458333,1246
37.22083333,-121.8375,138
37.22083333,-121.8291667,55
37.22083333,-121.8208333,44
37.22083333,-121.8125,0
37.22083333,-121.8041667,36
37.22083333,-121.7958333,2
37.22083333,-121.7875,642
37.22083333,-121.7791667,709
37.22083333,-121.7708333,1125
37.22083333,-121.7625,890
37.22083333,-121.7541667,5
37.22083333,-121.7458333,30
37.22083333,-121.7375,23
37.22083333,-121.7291667,2
37.22083333,-121.7208333,0
37.22083333,-121.7125,0
37.22083333,-121.7041667,0
37.2125,-122.0291667,1
37.2125,-122.0208333,16
37.2125,-122.0125,17
37.2125,-122.0041667,9
37.2125,-121.9958333,3
37.2125,-121.9875,96
37.2125,-121.9791667,207
37.2125,-121.9708333,180
37.2125,-121.9625,123
37.2125,-121.9541667,82
37.2125,-121.9458333,11
37.2125,-121.9375,6
37.2125,-121.9291667,10
37.2125,-121.9208333,22
37.2125,-121.9125,31
37.2125,-121.9041667,123
37.2125,-121.8958333,16
37.2125,-121.8875,5
37.2125,-121.8791667,448
37.2125,-121.8708333,602
37.2125,-121.8625,918
37.2125,-121.8541667,1093
37.2125,-121.8458333,1760
37.2125,-121.8375,1318
37.2125,-121.8291667,489
37.2125,-121.8208333,201
37.2125,-121.8125,32
37.2125,-121.8041667,104
37.2125,-121.7958333,0
37.2125,-121.7875,9
37.2125,-121.7791667,0
37.2125,-121.7708333,0
37.2125,-121.7625,11
37.2125,-121.7541667,21
37.2125,-121.7458333,58
37.2125,-121.7375,71
37.2125,-121.7291667,28
37.2125,-121.7208333,10
37.20416667,-122.0125,19
37.20416667,-122.0041667,2
37.20416667,-121.9958333,30
37.20416667,-121.9875,192
37.20416667,-121.9791667,4
37.20416667,-121.9708333,0
37.20416667,-121.9625,43
37.20416667,-121.9541667,8
37.20416667,-121.9458333,0
37.20416667,-121.9375,0
37.20416667,-121.9291667,0
37.20416667,-121.9208333,1
37.20416667,-121.9125,1
37.20416667,-121.9041667,1
37.20416667,-121.8958333,0
37.20416667,-121.8875,1
37.20416667,-121.8791667,21
37.20416667,-121.8708333,262
37.20416667,-121.8625,387
37.20416667,-121.8541667,1333
37.20416667,-121.8458333,1205
37.20416667,-121.8375,1028
37.20416667,-121.8291667,924
37.20416667,-121.8208333,66
37.20416667,-121.8125,28
37.20416667,-121.8041667,52
37.20416667,-121.7958333,10
37.20416667,-121.7875,1
37.20416667,-121.7791667,2
37.20416667,-121.7708333,0
37.20416667,-121.7625,0
37.20416667,-121.7541667,1
37.20416667,-121.7458333,42
37.20416667,-121.7375,71
37.20416667,-121.7291667,84
37.19583333,-121.9958333,79
37.19583333,-121.9875,0
37.19583333,-121.9791667,2
37.19583333,-121.9708333,0
37.19583333,-121.9625,0
37.19583333,-121.9541667,0
37.19583333,-121.9458333,0
37.19583333,-121.9375,0
37.19583333,-121.9291667,0
37.19583333,-121.9208333,0
37.19583333,-121.9125,0
37.19583333,-121.9041667,0
37.19583333,-121.8958333,1
37.19583333,-121.8875,1
37.19583333,-121.8791667,8
37.19583333,-121.8708333,0
37.19583333,-121.8625,0
37.19583333,-121.8541667,128
37.19583333,-121.8458333,492
37.19583333,-121.8375,516
37.19583333,-121.8291667,588
37.19583333,-121.8208333,126
37.19583333,-121.8125,53
37.19583333,-121.8041667,98
37.19583333,-121.7958333,96
37.19583333,-121.7875,5
37.19583333,-121.7791667,2
37.19583333,-121.7708333,0
37.19583333,-121.7625,0
37.19583333,-121.7541667,7
37.19583333,-121.7458333,1055
37.1875,-121.9875,1
37.1875,-121.9791667,10
37.1875,-121.9708333,3
37.1875,-121.9625,1
37.1875,-121.9541667,2
37.1875,-121.9458333,0
37.1875,-121.9375,0
37.1875,-121.9291667,0
37.1875,-121.9208333,0
37.1875,-121.9125,0
37.1875,-121.9041667,1
37.1875,-121.8958333,1
37.1875,-121.8875,1
37.1875,-121.8791667,0
37.1875,-121.8708333,0
37.1875,-121.8625,0
37.1875,-121.8541667,0
37.1875,-121.8458333,0
37.1875,-121.8375,0
37.1875,-121.8291667,5
37.1875,-121.8208333,246
37.1875,-121.8125,13
37.1875,-121.8041667,0
37.1875,-121.7958333,75
37.1875,-121.7875,14
37.1875,-121.7791667,24
37.1875,-121.7708333,15
37.1875,-121.7625,12
37.1875,-121.7541667,8
37.17916667,-121.9708333,5
37.17916667,-121.9625,1
37.17916667,-121.9541667,10
37.17916667,-121.9458333,8
37.17916667,-121.9375,1
37.17916667,-121.9291667,0
37.17916667,-121.9208333,0
37.17916667,-121.9125,0
37.17916667,-121.9041667,0
37.17916667,-121.8958333,0
37.17916667,-121.8875,0
37.17916667,-121.8791667,0
37.17916667,-121.8708333,0
37.17916667,-121.8625,0
37.17916667,-121.8541667,0
37.17916667,-121.8458333,0
37.17916667,-121.8375,0
37.17916667,-121.8291667,0
37.17916667,-121.8208333,118
37.17916667,-121.8125,34
37.17916667,-121.8041667,0
37.17916667,-121.7958333,0
37.17916667,-121.7875,0
37.17916667,-121.7791667,0
37.17916667,-121.7708333,0
37.17083333,-121.9541667,3
37.17083333,-121.9458333,7
37.17083333,-121.9375,15
37.17083333,-121.9291667,10
37.17083333,-121.9208333,0
37.17083333,-121.9125,0
37.17083333,-121.9041667,0
37.17083333,-121.8958333,0
37.17083333,-121.8875,0
37.17083333,-121.8791667,0
37.17083333,-121.8708333,0
37.17083333,-121.8625,0
37.17083333,-121.8541667,0
37.17083333,-121.8458333,0
37.17083333,-121.8375,0
37.17083333,-121.8291667,3
37.17083333,-121.8208333,43
37.17083333,-121.8125,0
37.17083333,-121.8041667,0
37.17083333,-121.7958333,0
37.17083333,-121.7875,0
37.17083333,-121.7791667,0
37.1625,-121.9458333,0
37.1625,-121.9375,0
37.1625,-121.9291667,3
37.1625,-121.9208333,0
37.1625,-121.9125,0
37.1625,-121.9041667,0
37.1625,-121.8958333,0
37.1625,-121.8875,0
37.1625,-121.8791667,0
37.1625,-121.8708333,0
37.1625,-121.8625,0
37.1625,-121.8541667,0
37.1625,-121.8458333,0
37.1625,-121.8375,3
37.1625,-121.8291667,7
37.1625,-121.8208333,0
37.1625,-121.8125,0
37.1625,-121.8041667,0
37.1625,-121.7958333,0
37.15416667,-121.9291667,0
37.15416667,-121.9208333,0
37.15416667,-121.9125,0
37.15416667,-121.9041667,66
37.15416667,-121.8958333,1
37.15416667,-121.8875,2
37.15416667,-121.8791667,0
37.15416667,-121.8708333,0
37.15416667,-121.8625,0
37.15416667,-121.8541667,3
37.15416667,-121.8458333,5
37.15416667,-121.8375,0
37.15416667,-121.8291667,0
37.15416667,-121.8208333,0
37.15416667,-121.8125,0
37.15416667,-121.8041667,0
37.14583333,-121.9208333,0
37.14583333,-121.9125,0
37.14583333,-121.9041667,0
37.14583333,-121.8958333,0
37.14583333,-121.8875,0
37.14583333,-121.8791667,0
37.14583333,-121.8708333,0
37.14583333,-121.8625,0
37.14583333,-121.8541667,1
37.14583333,-121.8458333,2
37.14583333,-121.8375,0
37.14583333,-121.8291667,0
37.14583333,-121.8208333,0
37.1375,-121.9041667,0
37.1375,-121.8958333,0
37.1375,-121.8875,0
37.1375,-121.8791667,0
37.1375,-121.8708333,0
37.1375,-121.8625,0
37.1375,-121.8541667,1
37.1375,-121.8458333,1
37.1375,-121.8375,0
37.1375,-121.8291667,1
37.12916667,-121.8875,0
37.12916667,-121.8791667,0
37.12916667,-121.8708333,2
37.12916667,-121.8625,0
37.12916667,-121.8541667,0
37.12916667,-121.8458333,1
37.12083333,-121.8791667,0
37.12083333,-121.8708333,0
37.12083333,-121.8625,0
37.12083333,-121.8541667,1
